Workbook
Name GIL: הנחות!$F$2:$G$8
Name GIL: [1]חברים!$AV$6:$AW$12
Name GIL: חברים!$AU$6:$AV$12

Sheet חברים
AC1: =SUM(HEVARIM[בר מצוה]) -> 317464.62 | AE1: =SUM(HEVARIM[בת מצוה]) -> 318566.92 | AF1: =SUM(HEVARIM[מענק חתונה]) -> 11016157 | AI1: =SUM(HEVARIM[מענק לימודים]) -> 14163943 | AM1: =SUM(HEVARIM[דמי עזיבה 25 שנות ותק]) -> 2176001.6 | AO1: =SUM(HEVARIM[דמי עזיבה לגיל 65]) -> 2685494.3
AB2: מגיל | AC2: ='תקציבים מיוחדים'!E5 -> 0 | AE2: ='תקציבים מיוחדים'!E5 -> 0 | AF2: ='תקציבים מיוחדים'!E6 -> 0 | AI2: ='תקציבים מיוחדים'!E7 -> 0
AB3: עד גיל | AC3: ='תקציבים מיוחדים'!F5 -> 13 | AE3: ='תקציבים מיוחדים'!F5 -> 13 | AF3: ='תקציבים מיוחדים'!F6 -> 21 | AI3: ='תקציבים מיוחדים'!F7 -> 21 | AR3: =SUM(HEVARIM[צביעה]) -> 508125
AB4: סכום | AC4: ='תקציבים מיוחדים'!D5 -> 7165 | AE4: ='תקציבים מיוחדים'!D5 -> 7165 | AF4: ='תקציבים מיוחדים'!D6 -> 60512.5 | AI4: ='תקציבים מיוחדים'!D7 -> 105588.5
A5: קוד חבר | B5: שם | C5: שם משפחה | D5: פרטי | E5: מין | F5: תאריך לידה | G5: גיל | H5: קוד תקציב | I5: תאור תקציב | J5: מצב תקציב | K5: קבוצת תקציב | L5: תעודת זהות | M5: מספר משפחה | N5: משפחה | O5: מצב משפחתי | P5: קוד מעמד | Q5: מעמד | R5: תאריך מעמד | S5: מצב משפחתי2 | T5: קוד תקציב משפחה מקורי | U5: קבוצת חינוך | V5: סיווג לנקודת זיכוי | W5: קצבת זיקנה בניכוי בריאות | X5: פנסיה | Y5: שארים | Z5: לספירה לתקציבים מיוחדים | AA5: בקרה לריכוז | AB5: בר מצוה | AC5: בר מצווה שנה | AD5: בת מצוה | AE5: בת מצווה שנה | AF5: מענק חתונה | AG5: חתונה שנה | AH5: מענק לימודים | AI5: לימוד שנה | AJ5: בקרה | AK5: ותק מחברה 40 | AL5: דמי עזיבה 25 שנות ותק | AM5: דמי עזיבה 25 שנה | AN5: דמי עזיבה לגיל 65 | AO5: דמי עזיבה 65 שנה | AP5: ותק הורים | AQ5: בקרת ותק הורים מול גיל ילד | AR5: צביעה | AS5: צביעה שנה | AU5: קבוצת חינוך
A6: 01022 | B6: אלדד שולמית פנינה | C6: אלדד | D6: שולמית פנינה | E6: נ | F6: 36624 | G6: 25 | H6: 0102 | I6: אלדד רוניאל | J6: פתוח | K6: תושב לגביה | L6: 211500681 | M6: 01021 | N6: אלדד רוניאל | O6: =IFERROR(VLOOKUP(HEVARIM[[#This Row],[קוד תקציב]],[2]תקציבים!A:L,6,0),0) -> 0 | P6: 6 | Q6: תושב-בר רשות | R6: 45536 | S6: נשוי | T6: 0115 | U6: =VLOOKUP(HEVARIM[[#This Row],[גיל]],GIL,2,1) -> -- | V6: =IF(HEVARIM[[#This Row],[קוד מעמד]]="4 ",IF(HEVARIM[[#This Row],[גיל]]=1,1,IF(HEVARIM[[#This Row],[גיל]]<=5,5,18)),"") | W6: =IF(G6<67,0, IF(O6=1, IF(G6>=80,1896-231,1795-231), IF(O6=2, IF(G6>=80,2899-332,2697-332), 0)) ) -> 0 | X6: =IF(AND(HEVARIM[[#This Row],[מין]]="ז ",HEVARIM[[#This Row],[גיל]]>67),'[2]ריכוז נתונים'!$AB$2,IF(AND(HEVARIM[[#This Row],[מין]]="נ ",HEVARIM[[#This Row],[גיל]]>62),'[2]ריכוז נתונים'!$AB$2,0)) -> 0 | Y6: =IF(HEVARIM[[#This Row],[מצב משפחתי2]]="אלמן",'[2]ריכוז נתונים'!$AC$2,0) -> 0 | Z6: =VLOOKUP(VALUE(HEVARIM[[#This Row],[קוד מעמד]]),הנחות!$I$2:$K$21,3,0) -> 0 | AA6: =ISERROR(VLOOKUP(HEVARIM[[#This Row],[קוד תקציב]],'[2]ריכוז נתונים'!A:A,1,0)) -> TRUE | AB6: =IF(AND($G6>=AC$2,$G6<=AC$3,$E6="ז ",$Z6=1),AC$4*(($G6-AC$2)/(AC$3-AC$2)),0) -> 0 | AC6: =IF(HEVARIM[[#This Row],[בר מצוה]]>0,YEAR(TODAY())+'תקציבים מיוחדים'!$F$5-HEVARIM[[#This Row],[גיל]],0) -> 0 | AD6: =IF(AND($G6>=AE$2,$G6<=AE$3,$E6="נ ",$Z6=1),AE$4*(($G6-AE$2)/(AE$3-AE$2)),0) -> 0 | AE6: =IF(HEVARIM[[#This Row],[בת מצוה]]>0,YEAR(TODAY())+'תקציבים מיוחדים'!$F$5-HEVARIM[[#This Row],[גיל]],0) -> 0 | AF6: =IF(AND($S6>="רווק",$Z6=1),AF$4*IF(HEVARIM[[#This Row],[גיל]]>$AF$3,1,(($G6-AF$2)/(AF$3-AF$2))),0) -> 0 | AG6: =IF(HEVARIM[[#This Row],[מענק חתונה]]>0,IF(HEVARIM[[#This Row],[גיל]]>'תקציבים מיוחדים'!$F$6,2025,YEAR(TODAY())+'תקציבים מיוחדים'!$F$6-HEVARIM[[#This Row],[גיל]]),0) -> 0 | AH6: =IF(AND($G6>=AI$2,$G6<=AI$3,$Z6=1),AI$4*(($G6-AI$2)/(AI$3-AI$2)),0) -> 0 | AI6: =IF(AH6>0,YEAR(TODAY())+'תקציבים מיוחדים'!$F$7-HEVARIM[[#This Row],[גיל]],0) -> 0 | AJ6: =IF(AND(ISERROR(VLOOKUP(H6,'[2]ריכוז נתונים'!A:L,1,0)),P6="1 "),1,0) -> 0 | AK6: =IF(VALUE(HEVARIM[[#This Row],[קוד מעמד]])=1,VLOOKUP((IF(LEFT(HEVARIM[[#This Row],[קוד חבר]],1)="0",HEVARIM[[#This Row],[קוד חבר]],VALUE(HEVARIM[[#This Row],[קוד חבר]]))),'ותק חברה 40'!AQ:AW,7,0),"") | AL6: =IF(AND(VALUE(HEVARIM[[#This Row],[קוד מעמד]])=1,HEVARIM[[#This Row],[ותק מחברה 40]]<25),HEVARIM[[#This Row],[ותק מחברה 40]]/25*הנחות!$C$4,0) -> 0 | AM6: =IF(HEVARIM[[#This Row],[דמי עזיבה 25 שנות ותק]]>0,YEAR(TODAY())+24-ROUNDDOWN(HEVARIM[[#This Row],[ותק מחברה 40]],0),"") | AN6: =IF(AND(VALUE(HEVARIM[[#This Row],[קוד מעמד]])=1,HEVARIM[[#This Row],[ותק מחברה 40]]>25,HEVARIM[[#This Row],[גיל]]<65),הנחות!$C$14+(HEVARIM[[#This Row],[ותק מחברה 40]]-25)*הנחות!$C$10*0.25,0) -> 0 | AO6: =IF(HEVARIM[[#This Row],[דמי עזיבה לגיל 65]]>0,YEAR(TODAY())+64-ROUNDDOWN(HEVARIM[[#This Row],[גיל]],0),"") | AP6: =SUMIF(HEVARIM[קוד תקציב],HEVARIM[[#This Row],[קוד תקציב משפחה מקורי]],HEVARIM[ותק מחברה 40]) -> 82.19 | AQ6: =IF(AND(HEVARIM[[#This Row],[גיל]]>HEVARIM[[#This Row],[ותק הורים]],OR(HEVARIM[[#This Row],[בר מצוה]]>0,HEVARIM[[#This Row],[בת מצוה]]>0,HEVARIM[[#This Row],[מענק חתונה]]>0,HEVARIM[[#This Row],[מענק לימודים]]>0)),1,0) -> 0 | AR6: =IF(HEVARIM[[#This Row],[קוד מעמד]]="1 ",IFERROR(VLOOKUP(HEVARIM[[#This Row],[קוד תקציב]],'תקציב צביעה - לקראת השינוי'!A:F,6,0),0)/COUNTIFS(HEVARIM[קוד תקציב],HEVARIM[[#This Row],[קוד תקציב]],HEVARIM[קוד מעמד],"1 "),0) -> 0 | AS6: =IF(HEVARIM[[#This Row],[קוד מעמד]]="1 ",IFERROR(VLOOKUP(HEVARIM[[#This Row],[קוד תקציב]],'תקציב צביעה - לקראת השינוי'!A:F,4,0),0),0) -> 0 | AU6: 0 | AV6: פעוט
A7: 01023 | B7: אלדד קדם איתן | C7: אלדד | D7: קדם איתן | E7: ז | F7: 44533 | G7: 4 | H7: 0102 | I7: אלדד רוניאל | J7: פתוח | K7: תושב לגביה | L7: 234321297 | M7: 01021 | N7: אלדד רוניאל | O7: =IFERROR(VLOOKUP(HEVARIM[[#This Row],[קוד תקציב]],[2]תקציבים!A:L,6,0),0) -> 0 | P7: 17 | Q7: ילד תושב | R7: 45536 | S7: רווק | T7: 0115 | U7: =VLOOKUP(HEVARIM[[#This Row],[גיל]],GIL,2,1) -> גנים | V7: =IF(HEVARIM[[#This Row],[קוד מעמד]]="4 ",IF(HEVARIM[[#This Row],[גיל]]=1,1,IF(HEVARIM[[#This Row],[גיל]]<=5,5,18)),"") | W7: =IF(G7<67,0, IF(O7=1, IF(G7>=80,1896-231,1795-231), IF(O7=2, IF(G7>=80,2899-332,2697-332), 0)) ) -> 0 | X7: =IF(AND(HEVARIM[[#This Row],[מין]]="ז ",HEVARIM[[#This Row],[גיל]]>67),'[2]ריכוז נתונים'!$AB$2,IF(AND(HEVARIM[[#This Row],[מין]]="נ ",HEVARIM[[#This Row],[גיל]]>62),'[2]ריכוז נתונים'!$AB$2,0)) -> 0 | Y7: =IF(HEVARIM[[#This Row],[מצב משפחתי2]]="אלמן",'[2]ריכוז נתונים'!$AC$2,0) -> 0 | Z7: =VLOOKUP(VALUE(HEVARIM[[#This Row],[קוד מעמד]]),הנחות!$I$2:$K$21,3,0) -> 0 | AA7: =ISERROR(VLOOKUP(HEVARIM[[#This Row],[קוד תקציב]],'[2]ריכוז נתונים'!A:A,1,0)) -> TRUE | AB7: =IF(AND($G7>=AC$2,$G7<=AC$3,$E7="ז ",$Z7=1),AC$4*(($G7-AC$2)/(AC$3-AC$2)),0) -> 0 | AC7: =IF(HEVARIM[[#This Row],[בר מצוה]]>0,YEAR(TODAY())+'תקציבים מיוחדים'!$F$5-HEVARIM[[#This Row],[גיל]],0) -> 0 | AD7: =IF(AND($G7>=AE$2,$G7<=AE$3,$E7="נ ",$Z7=1),AE$4*(($G7-AE$2)/(AE$3-AE$2)),0) -> 0 | AE7: =IF(HEVARIM[[#This Row],[בת מצוה]]>0,YEAR(TODAY())+'תקציבים מיוחדים'!$F$5-HEVARIM[[#This Row],[גיל]],0) -> 0 | AF7: =IF(AND($S7>="רווק",$Z7=1),AF$4*IF(HEVARIM[[#This Row],[גיל]]>$AF$3,1,(($G7-AF$2)/(AF$3-AF$2))),0) -> 0 | AG7: =IF(HEVARIM[[#This Row],[מענק חתונה]]>0,IF(HEVARIM[[#This Row],[גיל]]>'תקציבים מיוחדים'!$F$6,2025,YEAR(TODAY())+'תקציבים מיוחדים'!$F$6-HEVARIM[[#This Row],[גיל]]),0) -> 0 | AH7: =IF(AND($G7>=AI$2,$G7<=AI$3,$Z7=1),AI$4*(($G7-AI$2)/(AI$3-AI$2)),0) -> 0 | AI7: =IF(AH7>0,YEAR(TODAY())+'תקציבים מיוחדים'!$F$7-HEVARIM[[#This Row],[גיל]],0) -> 0 | AJ7: =IF(AND(ISERROR(VLOOKUP(H7,'[2]ריכוז נתונים'!A:L,1,0)),P7="1 "),1,0) -> 0 | AK7: =IF(VALUE(HEVARIM[[#This Row],[קוד מעמד]])=1,VLOOKUP((IF(LEFT(HEVARIM[[#This Row],[קוד חבר]],1)="0",HEVARIM[[#This Row],[קוד חבר]],VALUE(HEVARIM[[#This Row],[קוד חבר]]))),'ותק חברה 40'!AQ:AW,7,0),"") | AL7: =IF(AND(VALUE(HEVARIM[[#This Row],[קוד מעמד]])=1,HEVARIM[[#This Row],[ותק מחברה 40]]<25),HEVARIM[[#This Row],[ותק מחברה 40]]/25*הנחות!$C$4,0) -> 0 | AM7: =IF(HEVARIM[[#This Row],[דמי עזיבה 25 שנות ותק]]>0,YEAR(TODAY())+25-ROUNDDOWN(HEVARIM[[#This Row],[ותק מחברה 40]],0),"") | AN7: =IF(AND(VALUE(HEVARIM[[#This Row],[קוד מעמד]])=1,HEVARIM[[#This Row],[ותק מחברה 40]]>25,HEVARIM[[#This Row],[גיל]]<65),הנחות!$C$14+(HEVARIM[[#This Row],[ותק מחברה 40]]-25)*הנחות!$C$10*0.25,0) -> 0 | AO7: =IF(HEVARIM[[#This Row],[דמי עזיבה לגיל 65]]>0,YEAR(TODAY())+64-ROUNDDOWN(HEVARIM[[#This Row],[גיל]],0),"") | AP7: =SUMIF(HEVARIM[קוד תקציב],HEVARIM[[#This Row],[קוד תקציב משפחה מקורי]],HEVARIM[ותק מחברה 40]) -> 82.19 | AQ7: =IF(AND(HEVARIM[[#This Row],[גיל]]>HEVARIM[[#This Row],[ותק הורים]],OR(HEVARIM[[#This Row],[בר מצוה]]>0,HEVARIM[[#This Row],[בת מצוה]]>0,HEVARIM[[#This Row],[מענק חתונה]]>0,HEVARIM[[#This Row],[מענק לימודים]]>0)),1,0) -> 0 | AR7: =IF(HEVARIM[[#This Row],[קוד מעמד]]="1 ",IFERROR(VLOOKUP(HEVARIM[[#This Row],[קוד תקציב]],'תקציב צביעה - לקראת השינוי'!A:F,6,0),0)/COUNTIFS(HEVARIM[קוד תקציב],HEVARIM[[#This Row],[קוד תקציב]],HEVARIM[קוד מעמד],"1 "),0) -> 0 | AS7: =IF(HEVARIM[[#This Row],[קוד מעמד]]="1 ",IFERROR(VLOOKUP(HEVARIM[[#This Row],[קוד תקציב]],'תקציב צביעה - לקראת השינוי'!A:F,4,0),0),0) -> 0 | AU7: 3 | AV7: גנים
A8: 01024 | B8: אלדד שקד הודי | C8: אלדד | D8: שקד הודי | E8: נ | F8: 45389 | G8: 1 | H8: 0102 | I8: אלדד רוניאל | J8: פתוח | K8: תושב לגביה | L8: 238742696 | M8: 01021 | N8: אלדד רוניאל | O8: =IFERROR(VLOOKUP(HEVARIM[[#This Row],[קוד תקציב]],[2]תקציבים!A:L,6,0),0) -> 0 | P8: 17 | Q8: ילד תושב | R8: 45536 | S8: רווק | T8: 0115 | U8: =VLOOKUP(HEVARIM[[#This Row],[גיל]],GIL,2,1) -> פעוט | V8: =IF(HEVARIM[[#This Row],[קוד מעמד]]="4 ",IF(HEVARIM[[#This Row],[גיל]]=1,1,IF(HEVARIM[[#This Row],[גיל]]<=5,5,18)),"") | W8: =IF(G8<67,0, IF(O8=1, IF(G8>=80,1896-231,1795-231), IF(O8=2, IF(G8>=80,2899-332,2697-332), 0)) ) -> 0 | X8: =IF(AND(HEVARIM[[#This Row],[מין]]="ז ",HEVARIM[[#This Row],[גיל]]>67),'[2]ריכוז נתונים'!$AB$2,IF(AND(HEVARIM[[#This Row],[מין]]="נ ",HEVARIM[[#This Row],[גיל]]>62),'[2]ריכוז נתונים'!$AB$2,0)) -> 0 | Y8: =IF(HEVARIM[[#This Row],[מצב משפחתי2]]="אלמן",'[2]ריכוז נתונים'!$AC$2,0) -> 0 | Z8: =VLOOKUP(VALUE(HEVARIM[[#This Row],[קוד מעמד]]),הנחות!$I$2:$K$21,3,0) -> 0 | AA8: =ISERROR(VLOOKUP(HEVARIM[[#This Row],[קוד תקציב]],'[2]ריכוז נתונים'!A:A,1,0)) -> TRUE | AB8: =IF(AND($G8>=AC$2,$G8<=AC$3,$E8="ז ",$Z8=1),AC$4*(($G8-AC$2)/(AC$3-AC$2)),0) -> 0 | AC8: =IF(HEVARIM[[#This Row],[בר מצוה]]>0,YEAR(TODAY())+'תקציבים מיוחדים'!$F$5-HEVARIM[[#This Row],[גיל]],0) -> 0 | AD8: =IF(AND($G8>=AE$2,$G8<=AE$3,$E8="נ ",$Z8=1),AE$4*(($G8-AE$2)/(AE$3-AE$2)),0) -> 0 | AE8: =IF(HEVARIM[[#This Row],[בת מצוה]]>0,YEAR(TODAY())+'תקציבים מיוחדים'!$F$5-HEVARIM[[#This Row],[גיל]],0) -> 0 | AF8: =IF(AND($S8>="רווק",$Z8=1),AF$4*IF(HEVARIM[[#This Row],[גיל]]>$AF$3,1,(($G8-AF$2)/(AF$3-AF$2))),0) -> 0 | AG8: =IF(HEVARIM[[#This Row],[מענק חתונה]]>0,IF(HEVARIM[[#This Row],[גיל]]>'תקציבים מיוחדים'!$F$6,2025,YEAR(TODAY())+'תקציבים מיוחדים'!$F$6-HEVARIM[[#This Row],[גיל]]),0) -> 0 | AH8: =IF(AND($G8>=AI$2,$G8<=AI$3,$Z8=1),AI$4*(($G8-AI$2)/(AI$3-AI$2)),0) -> 0 | AI8: =IF(AH8>0,YEAR(TODAY())+'תקציבים מיוחדים'!$F$7-HEVARIM[[#This Row],[גיל]],0) -> 0 | AJ8: =IF(AND(ISERROR(VLOOKUP(H8,'[2]ריכוז נתונים'!A:L,1,0)),P8="1 "),1,0) -> 0 | AK8: =IF(VALUE(HEVARIM[[#This Row],[קוד מעמד]])=1,VLOOKUP((IF(LEFT(HEVARIM[[#This Row],[קוד חבר]],1)="0",HEVARIM[[#This Row],[קוד חבר]],VALUE(HEVARIM[[#This Row],[קוד חבר]]))),'ותק חברה 40'!AQ:AW,7,0),"") | AL8: =IF(AND(VALUE(HEVARIM[[#This Row],[קוד מעמד]])=1,HEVARIM[[#This Row],[ותק מחברה 40]]<25),HEVARIM[[#This Row],[ותק מחברה 40]]/25*הנחות!$C$4,0) -> 0 | AM8: =IF(HEVARIM[[#This Row],[דמי עזיבה 25 שנות ותק]]>0,YEAR(TODAY())+25-ROUNDDOWN(HEVARIM[[#This Row],[ותק מחברה 40]],0),"") | AN8: =IF(AND(VALUE(HEVARIM[[#This Row],[קוד מעמד]])=1,HEVARIM[[#This Row],[ותק מחברה 40]]>25,HEVARIM[[#This Row],[גיל]]<65),הנחות!$C$14+(HEVARIM[[#This Row],[ותק מחברה 40]]-25)*הנחות!$C$10*0.25,0) -> 0 | AO8: =IF(HEVARIM[[#This Row],[דמי עזיבה לגיל 65]]>0,YEAR(TODAY())+64-ROUNDDOWN(HEVARIM[[#This Row],[גיל]],0),"") | AP8: =SUMIF(HEVARIM[קוד תקציב],HEVARIM[[#This Row],[קוד תקציב משפחה מקורי]],HEVARIM[ותק מחברה 40]) -> 82.19 | AQ8: =IF(AND(HEVARIM[[#This Row],[גיל]]>HEVARIM[[#This Row],[ותק הורים]],OR(HEVARIM[[#This Row],[בר מצוה]]>0,HEVARIM[[#This Row],[בת מצוה]]>0,HEVARIM[[#This Row],[מענק חתונה]]>0,HEVARIM[[#This Row],[מענק לימודים]]>0)),1,0) -> 0 | AR8: =IF(HEVARIM[[#This Row],[קוד מעמד]]="1 ",IFERROR(VLOOKUP(HEVARIM[[#This Row],[קוד תקציב]],'תקציב צביעה - לקראת השינוי'!A:F,6,0),0)/COUNTIFS(HEVARIM[קוד תקציב],HEVARIM[[#This Row],[קוד תקציב]],HEVARIM[קוד מעמד],"1 "),0) -> 0 | AS8: =IF(HEVARIM[[#This Row],[קוד מעמד]]="1 ",IFERROR(VLOOKUP(HEVARIM[[#This Row],[קוד תקציב]],'תקציב צביעה - לקראת השינוי'!A:F,4,0),0),0) -> 0 | AU8: 6 | AV8: יסודי
A9: 01061 | B9: אריאל חנן | C9: אריאל | D9: חנן | E9: ז | F9: 21209 | G9: 67 | H9: 0106 | I9: אריאל חנן וענת | J9: פתוח | K9: חבר | L9: 054998182 | M9: 01061 | N9: אריאל חנן | O9: =IFERROR(VLOOKUP(HEVARIM[[#This Row],[קוד תקציב]],[2]תקציבים!A:L,6,0),0) -> 2 | P9: 1 | Q9: חבר ^חבר | R9: 31291 | S9: נשוי | T9: 0103 | U9: =VLOOKUP(HEVARIM[[#This Row],[גיל]],GIL,2,1) -> -- | V9: =IF(HEVARIM[[#This Row],[קוד מעמד]]="4 ",IF(HEVARIM[[#This Row],[גיל]]=1,1,IF(HEVARIM[[#This Row],[גיל]]<=5,5,18)),"") | W9: =IF(G9<67,0, IF(O9=1, IF(G9>=80,1896-231,1795-231), IF(O9=2, IF(G9>=80,2899-332,2697-332), 0)) ) -> 2365 | X9: =IF(AND(HEVARIM[[#This Row],[מין]]="ז ",HEVARIM[[#This Row],[גיל]]>67),'[2]ריכוז נתונים'!$AB$2,IF(AND(HEVARIM[[#This Row],[מין]]="נ ",HEVARIM[[#This Row],[גיל]]>62),'[2]ריכוז נתונים'!$AB$2,0)) -> 0 | Y9: =IF(HEVARIM[[#This Row],[מצב משפחתי2]]="אלמן",'[2]ריכוז נתונים'!$AC$2,0) -> 0 | Z9: =VLOOKUP(VALUE(HEVARIM[[#This Row],[קוד מעמד]]),הנחות!$I$2:$K$21,3,0) -> 0 | AA9: =ISERROR(VLOOKUP(HEVARIM[[#This Row],[קוד תקציב]],'[2]ריכוז נתונים'!A:A,1,0)) -> FALSE | AB9: =IF(AND($G9>=AC$2,$G9<=AC$3,$E9="ז ",$Z9=1),AC$4*(($G9-AC$2)/(AC$3-AC$2)),0) -> 0 | AC9: =IF(HEVARIM[[#This Row],[בר מצוה]]>0,YEAR(TODAY())+'תקציבים מיוחדים'!$F$5-HEVARIM[[#This Row],[גיל]],0) -> 0 | AD9: =IF(AND($G9>=AE$2,$G9<=AE$3,$E9="נ ",$Z9=1),AE$4*(($G9-AE$2)/(AE$3-AE$2)),0) -> 0 | AE9: =IF(HEVARIM[[#This Row],[בת מצוה]]>0,YEAR(TODAY())+'תקציבים מיוחדים'!$F$5-HEVARIM[[#This Row],[גיל]],0) -> 0 | AF9: =IF(AND($S9>="רווק",$Z9=1),AF$4*IF(HEVARIM[[#This Row],[גיל]]>$AF$3,1,(($G9-AF$2)/(AF$3-AF$2))),0) -> 0 | AG9: =IF(HEVARIM[[#This Row],[מענק חתונה]]>0,IF(HEVARIM[[#This Row],[גיל]]>'תקציבים מיוחדים'!$F$6,2025,YEAR(TODAY())+'תקציבים מיוחדים'!$F$6-HEVARIM[[#This Row],[גיל]]),0) -> 0 | AH9: =IF(AND($G9>=AI$2,$G9<=AI$3,$Z9=1),AI$4*(($G9-AI$2)/(AI$3-AI$2)),0) -> 0 | AI9: =IF(AH9>0,YEAR(TODAY())+'תקציבים מיוחדים'!$F$7-HEVARIM[[#This Row],[גיל]],0) -> 0 | AJ9: =IF(AND(ISERROR(VLOOKUP(H9,'[2]ריכוז נתונים'!A:L,1,0)),P9="1 "),1,0) -> 0 | AK9: =IF(VALUE(HEVARIM[[#This Row],[קוד מעמד]])=1,VLOOKUP((IF(LEFT(HEVARIM[[#This Row],[קוד חבר]],1)="0",HEVARIM[[#This Row],[קוד חבר]],VALUE(HEVARIM[[#This Row],[קוד חבר]]))),'ותק חברה 40'!AQ:AW,7,0),"") -> 47.53 | AL9: =IF(AND(VALUE(HEVARIM[[#This Row],[קוד מעמד]])=1,HEVARIM[[#This Row],[ותק מחברה 40]]<25),HEVARIM[[#This Row],[ותק מחברה 40]]/25*הנחות!$C$4,0) -> 0 | AM9: =IF(HEVARIM[[#This Row],[דמי עזיבה 25 שנות ותק]]>0,YEAR(TODAY())+25-ROUNDDOWN(HEVARIM[[#This Row],[ותק מחברה 40]],0),"") | AN9: =IF(AND(VALUE(HEVARIM[[#This Row],[קוד מעמד]])=1,HEVARIM[[#This Row],[ותק מחברה 40]]>25,HEVARIM[[#This Row],[גיל]]<65),הנחות!$C$14+(HEVARIM[[#This Row],[ותק מחברה 40]]-25)*הנחות!$C$10*0.25,0) -> 0 | AO9: =IF(HEVARIM[[#This Row],[דמי עזיבה לגיל 65]]>0,YEAR(TODAY())+64-ROUNDDOWN(HEVARIM[[#This Row],[גיל]],0),"") | AP9: =SUMIF(HEVARIM[קוד תקציב],HEVARIM[[#This Row],[קוד תקציב משפחה מקורי]],HEVARIM[ותק מחברה 40]) -> 0 | AQ9: =IF(AND(HEVARIM[[#This Row],[גיל]]>HEVARIM[[#This Row],[ותק הורים]],OR(HEVARIM[[#This Row],[בר מצוה]]>0,HEVARIM[[#This Row],[בת מצוה]]>0,HEVARIM[[#This Row],[מענק חתונה]]>0,HEVARIM[[#This Row],[מענק לימודים]]>0)),1,0) -> 0 | AR9: =IF(HEVARIM[[#This Row],[קוד מעמד]]="1 ",IFERROR(VLOOKUP(HEVARIM[[#This Row],[קוד תקציב]],'תקציב צביעה - לקראת השינוי'!A:F,6,0),0)/COUNTIFS(HEVARIM[קוד תקציב],HEVARIM[[#This Row],[קוד תקציב]],HEVARIM[קוד מעמד],"1 "),0) -> 1406.25 | AS9: =IF(HEVARIM[[#This Row],[קוד מעמד]]="1 ",IFERROR(VLOOKUP(HEVARIM[[#This Row],[קוד תקציב]],'תקציב צביעה - לקראת השינוי'!A:F,4,0),0),0) -> 2032 | AU9: 13 | AV9: חטיבה
A10: 01122 | B10: אלירז עפרה | C10: אלירז | D10: עפרה | E10: נ | F10: 20037 | G10: 71 | H10: 0112 | I10: אלירז שמואל ועפרה | J10: פתוח | K10: חבר | L10: 052823911 | M10: 01121 | N10: אלירז שמואל | O10: =IFERROR(VLOOKUP(HEVARIM[[#This Row],[קוד תקציב]],[2]תקציבים!A:L,6,0),0) -> 2 | P10: 1 | Q10: חבר ^חבר | R10: 39336 | S10: נשוי | T10: 0103 | U10: =VLOOKUP(HEVARIM[[#This Row],[גיל]],GIL,2,1) -> -- | V10: =IF(HEVARIM[[#This Row],[קוד מעמד]]="4 ",IF(HEVARIM[[#This Row],[גיל]]=1,1,IF(HEVARIM[[#This Row],[גיל]]<=5,5,18)),"") | W10: =IF(G10<67,0, IF(O10=1, IF(G10>=80,1896-231,1795-231), IF(O10=2, IF(G10>=80,2899-332,2697-332), 0)) ) -> 2365 | X10: =IF(AND(HEVARIM[[#This Row],[מין]]="ז ",HEVARIM[[#This Row],[גיל]]>67),'[2]ריכוז נתונים'!$AB$2,IF(AND(HEVARIM[[#This Row],[מין]]="נ ",HEVARIM[[#This Row],[גיל]]>62),'[2]ריכוז נתונים'!$AB$2,0)) -> 7500 | Y10: =IF(HEVARIM[[#This Row],[מצב משפחתי2]]="אלמן",'[2]ריכוז נתונים'!$AC$2,0) -> 0 | Z10: =VLOOKUP(VALUE(HEVARIM[[#This Row],[קוד מעמד]]),הנחות!$I$2:$K$21,3,0) -> 0 | AA10: =ISERROR(VLOOKUP(HEVARIM[[#This Row],[קוד תקציב]],'[2]ריכוז נתונים'!A:A,1,0)) -> FALSE | AB10: =IF(AND($G10>=AC$2,$G10<=AC$3,$E10="ז ",$Z10=1),AC$4*(($G10-AC$2)/(AC$3-AC$2)),0) -> 0 | AC10: =IF(HEVARIM[[#This Row],[בר מצוה]]>0,YEAR(TODAY())+'תקציבים מיוחדים'!$F$5-HEVARIM[[#This Row],[גיל]],0) -> 0 | AD10: =IF(AND($G10>=AE$2,$G10<=AE$3,$E10="נ ",$Z10=1),AE$4*(($G10-AE$2)/(AE$3-AE$2)),0) -> 0 | AE10: =IF(HEVARIM[[#This Row],[בת מצוה]]>0,YEAR(TODAY())+'תקציבים מיוחדים'!$F$5-HEVARIM[[#This Row],[גיל]],0) -> 0 | AF10: =IF(AND($S10>="רווק",$Z10=1),AF$4*IF(HEVARIM[[#This Row],[גיל]]>$AF$3,1,(($G10-AF$2)/(AF$3-AF$2))),0) -> 0 | AG10: =IF(HEVARIM[[#This Row],[מענק חתונה]]>0,IF(HEVARIM[[#This Row],[גיל]]>'תקציבים מיוחדים'!$F$6,2025,YEAR(TODAY())+'תקציבים מיוחדים'!$F$6-HEVARIM[[#This Row],[גיל]]),0) -> 0 | AH10: =IF(AND($G10>=AI$2,$G10<=AI$3,$Z10=1),AI$4*(($G10-AI$2)/(AI$3-AI$2)),0) -> 0 | AI10: =IF(AH10>0,YEAR(TODAY())+'תקציבים מיוחדים'!$F$7-HEVARIM[[#This Row],[גיל]],0) -> 0 | AJ10: =IF(AND(ISERROR(VLOOKUP(H10,'[2]ריכוז נתונים'!A:L,1,0)),P10="1 "),1,0) -> 0 | AK10: =IF(VALUE(HEVARIM[[#This Row],[קוד מעמד]])=1,VLOOKUP((IF(LEFT(HEVARIM[[#This Row],[קוד חבר]],1)="0",HEVARIM[[#This Row],[קוד חבר]],VALUE(HEVARIM[[#This Row],[קוד חבר]]))),'ותק חברה 40'!AQ:AW,7,0),"") -> 48 | AL10: =IF(AND(VALUE(HEVARIM[[#This Row],[קוד מעמד]])=1,HEVARIM[[#This Row],[ותק מחברה 40]]<25),HEVARIM[[#This Row],[ותק מחברה 40]]/25*הנחות!$C$4,0) -> 0 | AM10: =IF(HEVARIM[[#This Row],[דמי עזיבה 25 שנות ותק]]>0,YEAR(TODAY())+25-ROUNDDOWN(HEVARIM[[#This Row],[ותק מחברה 40]],0),"") | AN10: =IF(AND(VALUE(HEVARIM[[#This Row],[קוד מעמד]])=1,HEVARIM[[#This Row],[ותק מחברה 40]]>25,HEVARIM[[#This Row],[גיל]]<65),הנחות!$C$14+(HEVARIM[[#This Row],[ותק מחברה 40]]-25)*הנחות!$C$10*0.25,0) -> 0 | AO10: =IF(HEVARIM[[#This Row],[דמי עזיבה לגיל 65]]>0,YEAR(TODAY())+64-ROUNDDOWN(HEVARIM[[#This Row],[גיל]],0),"") | AP10: =SUMIF(HEVARIM[קוד תקציב],HEVARIM[[#This Row],[קוד תקציב משפחה מקורי]],HEVARIM[ותק מחברה 40]) -> 0 | AQ10: =IF(AND(HEVARIM[[#This Row],[גיל]]>HEVARIM[[#This Row],[ותק הורים]],OR(HEVARIM[[#This Row],[בר מצוה]]>0,HEVARIM[[#This Row],[בת מצוה]]>0,HEVARIM[[#This Row],[מענק חתונה]]>0,HEVARIM[[#This Row],[מענק לימודים]]>0)),1,0) -> 0 | AR10: =IF(HEVARIM[[#This Row],[קוד מעמד]]="1 ",IFERROR(VLOOKUP(HEVARIM[[#This Row],[קוד תקציב]],'תקציב צביעה - לקראת השינוי'!A:F,6,0),0)/COUNTIFS(HEVARIM[קוד תקציב],HEVARIM[[#This Row],[קוד תקציב]],HEVARIM[קוד מעמד],"1 "),0) -> 2812.5 | AS10: =IF(HEVARIM[[#This Row],[קוד מעמד]]="1 ",IFERROR(VLOOKUP(HEVARIM[[#This Row],[קוד תקציב]],'תקציב צביעה - לקראת השינוי'!A:F,4,0),0),0) -> 2029 | AU10: 15 | AV10: תיכון
A11: 01151 | B11: אלדד נפתלי | C11: אלדד | D11: נפתלי | E11: ז | F11: 22791 | G11: 63 | H11: 0115 | I11: אלדד נפתלי ומאשי | J11: פתוח | K11: חבר | L11: 057457699 | M11: 01151 | N11: אלדד נפתלי | O11: =IFERROR(VLOOKUP(HEVARIM[[#This Row],[קוד תקציב]],[2]תקציבים!A:L,6,0),0) -> 2 | P11: 1 | Q11: חבר ^חבר | R11: 31944 | S11: נשוי | T11: 0105 | U11: =VLOOKUP(HEVARIM[[#This Row],[גיל]],GIL,2,1) -> -- | V11: =IF(HEVARIM[[#This Row],[קוד מעמד]]="4 ",IF(HEVARIM[[#This Row],[גיל]]=1,1,IF(HEVARIM[[#This Row],[גיל]]<=5,5,18)),"") | W11: =IF(G11<67,0, IF(O11=1, IF(G11>=80,1896-231,1795-231), IF(O11=2, IF(G11>=80,2899-332,2697-332), 0)) ) -> 0 | X11: =IF(AND(HEVARIM[[#This Row],[מין]]="ז ",HEVARIM[[#This Row],[גיל]]>67),'[2]ריכוז נתונים'!$AB$2,IF(AND(HEVARIM[[#This Row],[מין]]="נ ",HEVARIM[[#This Row],[גיל]]>62),'[2]ריכוז נתונים'!$AB$2,0)) -> 0 | Y11: =IF(HEVARIM[[#This Row],[מצב משפחתי2]]="אלמן",'[2]ריכוז נתונים'!$AC$2,0) -> 0 | Z11: =VLOOKUP(VALUE(HEVARIM[[#This Row],[קוד מעמד]]),הנחות!$I$2:$K$21,3,0) -> 0 | AA11: =ISERROR(VLOOKUP(HEVARIM[[#This Row],[קוד תקציב]],'[2]ריכוז נתונים'!A:A,1,0)) -> FALSE | AB11: =IF(AND($G11>=AC$2,$G11<=AC$3,$E11="ז ",$Z11=1),AC$4*(($G11-AC$2)/(AC$3-AC$2)),0) -> 0 | AC11: =IF(HEVARIM[[#This Row],[בר מצוה]]>0,YEAR(TODAY())+'תקציבים מיוחדים'!$F$5-HEVARIM[[#This Row],[גיל]],0) -> 0 | AD11: =IF(AND($G11>=AE$2,$G11<=AE$3,$E11="נ ",$Z11=1),AE$4*(($G11-AE$2)/(AE$3-AE$2)),0) -> 0 | AE11: =IF(HEVARIM[[#This Row],[בת מצוה]]>0,YEAR(TODAY())+'תקציבים מיוחדים'!$F$5-HEVARIM[[#This Row],[גיל]],0) -> 0 | AF11: =IF(AND($S11>="רווק",$Z11=1),AF$4*IF(HEVARIM[[#This Row],[גיל]]>$AF$3,1,(($G11-AF$2)/(AF$3-AF$2))),0) -> 0 | AG11: =IF(HEVARIM[[#This Row],[מענק חתונה]]>0,IF(HEVARIM[[#This Row],[גיל]]>'תקציבים מיוחדים'!$F$6,2025,YEAR(TODAY())+'תקציבים מיוחדים'!$F$6-HEVARIM[[#This Row],[גיל]]),0) -> 0 | AH11: =IF(AND($G11>=AI$2,$G11<=AI$3,$Z11=1),AI$4*(($G11-AI$2)/(AI$3-AI$2)),0) -> 0 | AI11: =IF(AH11>0,YEAR(TODAY())+'תקציבים מיוחדים'!$F$7-HEVARIM[[#This Row],[גיל]],0) -> 0 | AJ11: =IF(AND(ISERROR(VLOOKUP(H11,'[2]ריכוז נתונים'!A:L,1,0)),P11="1 "),1,0) -> 0 | AK11: =IF(VALUE(HEVARIM[[#This Row],[קוד מעמד]])=1,VLOOKUP((IF(LEFT(HEVARIM[[#This Row],[קוד חבר]],1)="0",HEVARIM[[#This Row],[קוד חבר]],VALUE(HEVARIM[[#This Row],[קוד חבר]]))),'ותק חברה 40'!AQ:AW,7,0),"") -> 43.95 | AL11: =IF(AND(VALUE(HEVARIM[[#This Row],[קוד מעמד]])=1,HEVARIM[[#This Row],[ותק מחברה 40]]<25),HEVARIM[[#This Row],[ותק מחברה 40]]/25*הנחות!$C$4,0) -> 0 | AM11: =IF(HEVARIM[[#This Row],[דמי עזיבה 25 שנות ותק]]>0,YEAR(TODAY())+25-ROUNDDOWN(HEVARIM[[#This Row],[ותק מחברה 40]],0),"") | AN11: =IF(AND(VALUE(HEVARIM[[#This Row],[קוד מעמד]])=1,HEVARIM[[#This Row],[ותק מחברה 40]]>25,HEVARIM[[#This Row],[גיל]]<65),הנחות!$C$14+(HEVARIM[[#This Row],[ותק מחברה 40]]-25)*הנחות!$C$10*0.25,0) -> 77616.217 | AO11: =IF(HEVARIM[[#This Row],[דמי עזיבה לגיל 65]]>0,YEAR(TODAY())+64-ROUNDDOWN(HEVARIM[[#This Row],[גיל]],0),"") -> 2027 | AP11: =SUMIF(HEVARIM[קוד תקציב],HEVARIM[[#This Row],[קוד תקציב משפחה מקורי]],HEVARIM[ותק מחברה 40]) -> 0 | AQ11: =IF(AND(HEVARIM[[#This Row],[גיל]]>HEVARIM[[#This Row],[ותק הורים]],OR(HEVARIM[[#This Row],[בר מצוה]]>0,HEVARIM[[#This Row],[בת מצוה]]>0,HEVARIM[[#This Row],[מענק חתונה]]>0,HEVARIM[[#This Row],[מענק לימודים]]>0)),1,0) -> 0 | AR11: =IF(HEVARIM[[#This Row],[קוד מעמד]]="1 ",IFERROR(VLOOKUP(HEVARIM[[#This Row],[קוד תקציב]],'תקציב צביעה - לקראת השינוי'!A:F,6,0),0)/COUNTIFS(HEVARIM[קוד תקציב],HEVARIM[[#This Row],[קוד תקציב]],HEVARIM[קוד מעמד],"1 "),0) -> 3281.25 | AS11: =IF(HEVARIM[[#This Row],[קוד מעמד]]="1 ",IFERROR(VLOOKUP(HEVARIM[[#This Row],[קוד תקציב]],'תקציב צביעה - לקראת השינוי'!A:F,4,0),0),0) -> 2028 | AU11: 18 | AV11: --
A12: 01211 | B12: אלדד מורדכי | C12: אלדד | D12: מורדכי | E12: ז | F12: 25475 | G12: 56 | H12: 0121 | I12: אלדד מוטי | J12: פתוח | K12: חבר | L12: 024474892 | M12: 01211 | N12: אלדד מורדכי | O12: =IFERROR(VLOOKUP(HEVARIM[[#This Row],[קוד תקציב]],[2]תקציבים!A:L,6,0),0) -> 1 | P12: 1 | Q12: חבר ^חבר | R12: 35995 | S12: גרוש | T12: 0105 | U12: =VLOOKUP(HEVARIM[[#This Row],[גיל]],GIL,2,1) -> -- | V12: =IF(HEVARIM[[#This Row],[קוד מעמד]]="4 ",IF(HEVARIM[[#This Row],[גיל]]=1,1,IF(HEVARIM[[#This Row],[גיל]]<=5,5,18)),"") | W12: =IF(G12<67,0, IF(O12=1, IF(G12>=80,1896-231,1795-231), IF(O12=2, IF(G12>=80,2899-332,2697-332), 0)) ) -> 0 | X12: =IF(AND(HEVARIM[[#This Row],[מין]]="ז ",HEVARIM[[#This Row],[גיל]]>67),'[2]ריכוז נתונים'!$AB$2,IF(AND(HEVARIM[[#This Row],[מין]]="נ ",HEVARIM[[#This Row],[גיל]]>62),'[2]ריכוז נתונים'!$AB$2,0)) -> 0 | Y12: =IF(HEVARIM[[#This Row],[מצב משפחתי2]]="אלמן",'[2]ריכוז נתונים'!$AC$2,0) -> 0 | Z12: =VLOOKUP(VALUE(HEVARIM[[#This Row],[קוד מעמד]]),הנחות!$I$2:$K$21,3,0) -> 0 | AA12: =ISERROR(VLOOKUP(HEVARIM[[#This Row],[קוד תקציב]],'[2]ריכוז נתונים'!A:A,1,0)) -> FALSE | AB12: =IF(AND($G12>=AC$2,$G12<=AC$3,$E12="ז ",$Z12=1),AC$4*(($G12-AC$2)/(AC$3-AC$2)),0) -> 0 | AC12: =IF(HEVARIM[[#This Row],[בר מצוה]]>0,YEAR(TODAY())+'תקציבים מיוחדים'!$F$5-HEVARIM[[#This Row],[גיל]],0) -> 0 | AD12: =IF(AND($G12>=AE$2,$G12<=AE$3,$E12="נ ",$Z12=1),AE$4*(($G12-AE$2)/(AE$3-AE$2)),0) -> 0 | AE12: =IF(HEVARIM[[#This Row],[בת מצוה]]>0,YEAR(TODAY())+'תקציבים מיוחדים'!$F$5-HEVARIM[[#This Row],[גיל]],0) -> 0 | AF12: =IF(AND($S12>="רווק",$Z12=1),AF$4*IF(HEVARIM[[#This Row],[גיל]]>$AF$3,1,(($G12-AF$2)/(AF$3-AF$2))),0) -> 0 | AG12: =IF(HEVARIM[[#This Row],[מענק חתונה]]>0,IF(HEVARIM[[#This Row],[גיל]]>'תקציבים מיוחדים'!$F$6,2025,YEAR(TODAY())+'תקציבים מיוחדים'!$F$6-HEVARIM[[#This Row],[גיל]]),0) -> 0 | AH12: =IF(AND($G12>=AI$2,$G12<=AI$3,$Z12=1),AI$4*(($G12-AI$2)/(AI$3-AI$2)),0) -> 0 | AI12: =IF(AH12>0,YEAR(TODAY())+'תקציבים מיוחדים'!$F$7-HEVARIM[[#This Row],[גיל]],0) -> 0 | AJ12: =IF(AND(ISERROR(VLOOKUP(H12,'[2]ריכוז נתונים'!A:L,1,0)),P12="1 "),1,0) -> 0 | AK12: =IF(VALUE(HEVARIM[[#This Row],[קוד מעמד]])=1,VLOOKUP((IF(LEFT(HEVARIM[[#This Row],[קוד חבר]],1)="0",HEVARIM[[#This Row],[קוד חבר]],VALUE(HEVARIM[[#This Row],[קוד חבר]]))),'ותק חברה 40'!AQ:AW,7,0),"") -> 37.36 | AL12: =IF(AND(VALUE(HEVARIM[[#This Row],[קוד מעמד]])=1,HEVARIM[[#This Row],[ותק מחברה 40]]<25),HEVARIM[[#This Row],[ותק מחברה 40]]/25*הנחות!$C$4,0) -> 0 | AM12: =IF(HEVARIM[[#This Row],[דמי עזיבה 25 שנות ותק]]>0,YEAR(TODAY())+25-ROUNDDOWN(HEVARIM[[#This Row],[ותק מחברה 40]],0),"") | AN12: =IF(AND(VALUE(HEVARIM[[#This Row],[קוד מעמד]])=1,HEVARIM[[#This Row],[ותק מחברה 40]]>25,HEVARIM[[#This Row],[גיל]]<65),הנחות!$C$14+(HEVARIM[[#This Row],[ותק מחברה 40]]-25)*הנחות!$C$10*0.25,0) -> 59948.138 | AO12: =IF(HEVARIM[[#This Row],[דמי עזיבה לגיל 65]]>0,YEAR(TODAY())+64-ROUNDDOWN(HEVARIM[[#This Row],[גיל]],0),"") -> 2034 | AP12: =SUMIF(HEVARIM[קוד תקציב],HEVARIM[[#This Row],[קוד תקציב משפחה מקורי]],HEVARIM[ותק מחברה 40]) -> 0 | AQ12: =IF(AND(HEVARIM[[#This Row],[גיל]]>HEVARIM[[#This Row],[ותק הורים]],OR(HEVARIM[[#This Row],[בר מצוה]]>0,HEVARIM[[#This Row],[בת מצוה]]>0,HEVARIM[[#This Row],[מענק חתונה]]>0,HEVARIM[[#This Row],[מענק לימודים]]>0)),1,0) -> 0 | AR12: =IF(HEVARIM[[#This Row],[קוד מעמד]]="1 ",IFERROR(VLOOKUP(HEVARIM[[#This Row],[קוד תקציב]],'תקציב צביעה - לקראת השינוי'!A:F,6,0),0)/COUNTIFS(HEVARIM[קוד תקציב],HEVARIM[[#This Row],[קוד תקציב]],HEVARIM[קוד מעמד],"1 "),0) -> 0 | AS12: =IF(HEVARIM[[#This Row],[קוד מעמד]]="1 ",IFERROR(VLOOKUP(HEVARIM[[#This Row],[קוד תקציב]],'תקציב צביעה - לקראת השינוי'!A:F,4,0),0),0) -> 0 | AU12: 99 | AV12: Z
A13: 01202 | B13: אריאל נעמה שולמית | C13: אריאל | D13: נעמה שולמית | E13: נ | F13: 37944 | G13: 22 | H13: 0120 | I13: אריאל נעמה | J13: פתוח | K13: חבר | L13: 213195423 | M13: 01202 | N13: אריאל נעמה שולמית | O13: =IFERROR(VLOOKUP(HEVARIM[[#This Row],[קוד תקציב]],[2]תקציבים!A:L,6,0),0) -> 0 | P13: 36 | Q13: מסלול צעירים - זכאי 3/2 ביטוח בריאות | R13: 45505 | S13: רווק | T13: 0106 | U13: =VLOOKUP(HEVARIM[[#This Row],[גיל]],GIL,2,1) -> -- | V13: =IF(HEVARIM[[#This Row],[קוד מעמד]]="4 ",IF(HEVARIM[[#This Row],[גיל]]=1,1,IF(HEVARIM[[#This Row],[גיל]]<=5,5,18)),"") | W13: =IF(G13<67,0, IF(O13=1, IF(G13>=80,1896-231,1795-231), IF(O13=2, IF(G13>=80,2899-332,2697-332), 0)) ) -> 0 | X13: =IF(AND(HEVARIM[[#This Row],[מין]]="ז ",HEVARIM[[#This Row],[גיל]]>67),'[2]ריכוז נתונים'!$AB$2,IF(AND(HEVARIM[[#This Row],[מין]]="נ ",HEVARIM[[#This Row],[גיל]]>62),'[2]ריכוז נתונים'!$AB$2,0)) -> 0 | Y13: =IF(HEVARIM[[#This Row],[מצב משפחתי2]]="אלמן",'[2]ריכוז נתונים'!$AC$2,0) -> 0 | Z13: =VLOOKUP(VALUE(HEVARIM[[#This Row],[קוד מעמד]]),הנחות!$I$2:$K$21,3,0) -> 1 | AA13: =ISERROR(VLOOKUP(HEVARIM[[#This Row],[קוד תקציב]],'[2]ריכוז נתונים'!A:A,1,0)) -> TRUE | AB13: =IF(AND($G13>=AC$2,$G13<=AC$3,$E13="ז ",$Z13=1),AC$4*(($G13-AC$2)/(AC$3-AC$2)),0) -> 0 | AC13: =IF(HEVARIM[[#This Row],[בר מצוה]]>0,YEAR(TODAY())+'תקציבים מיוחדים'!$F$5-HEVARIM[[#This Row],[גיל]],0) -> 0 | AD13: =IF(AND($G13>=AE$2,$G13<=AE$3,$E13="נ ",$Z13=1),AE$4*(($G13-AE$2)/(AE$3-AE$2)),0) -> 0 | AE13: =IF(HEVARIM[[#This Row],[בת מצוה]]>0,YEAR(TODAY())+'תקציבים מיוחדים'!$F$5-HEVARIM[[#This Row],[גיל]],0) -> 0 | AF13: =IF(AND($S13>="רווק",$Z13=1),AF$4*IF(HEVARIM[[#This Row],[גיל]]>$AF$3,1,(($G13-AF$2)/(AF$3-AF$2))),0) -> 60512.5 | AG13: =IF(HEVARIM[[#This Row],[מענק חתונה]]>0,IF(HEVARIM[[#This Row],[גיל]]>'תקציבים מיוחדים'!$F$6,2025,YEAR(TODAY())+'תקציבים מיוחדים'!$F$6-HEVARIM[[#This Row],[גיל]]),0) -> 2025 | AH13: =IF(AND($G13>=AI$2,$G13<=AI$3,$Z13=1),AI$4*(($G13-AI$2)/(AI$3-AI$2)),0) -> 0 | AI13: =IF(AH13>0,YEAR(TODAY())+'תקציבים מיוחדים'!$F$7-HEVARIM[[#This Row],[גיל]],0) -> 0 | AJ13: =IF(AND(ISERROR(VLOOKUP(H13,'[2]ריכוז נתונים'!A:L,1,0)),P13="1 "),1,0) -> 0 | AK13: =IF(VALUE(HEVARIM[[#This Row],[קוד מעמד]])=1,VLOOKUP((IF(LEFT(HEVARIM[[#This Row],[קוד חבר]],1)="0",HEVARIM[[#This Row],[קוד חבר]],VALUE(HEVARIM[[#This Row],[קוד חבר]]))),'ותק חברה 40'!AQ:AW,7,0),"") | AL13: =IF(AND(VALUE(HEVARIM[[#This Row],[קוד מעמד]])=1,HEVARIM[[#This Row],[ותק מחברה 40]]<25),HEVARIM[[#This Row],[ותק מחברה 40]]/25*הנחות!$C$4,0) -> 0 | AM13: =IF(HEVARIM[[#This Row],[דמי עזיבה 25 שנות ותק]]>0,YEAR(TODAY())+25-ROUNDDOWN(HEVARIM[[#This Row],[ותק מחברה 40]],0),"") | AN13: =IF(AND(VALUE(HEVARIM[[#This Row],[קוד מעמד]])=1,HEVARIM[[#This Row],[ותק מחברה 40]]>25,HEVARIM[[#This Row],[גיל]]<65),הנחות!$C$14+(HEVARIM[[#This Row],[ותק מחברה 40]]-25)*הנחות!$C$10*0.25,0) -> 0 | AO13: =IF(HEVARIM[[#This Row],[דמי עזיבה לגיל 65]]>0,YEAR(TODAY())+64-ROUNDDOWN(HEVARIM[[#This Row],[גיל]],0),"") | AP13: =SUMIF(HEVARIM[קוד תקציב],HEVARIM[[#This Row],[קוד תקציב משפחה מקורי]],HEVARIM[ותק מחברה 40]) -> 86.59 | AQ13: =IF(AND(HEVARIM[[#This Row],[גיל]]>HEVARIM[[#This Row],[ותק הורים]],OR(HEVARIM[[#This Row],[בר מצוה]]>0,HEVARIM[[#This Row],[בת מצוה]]>0,HEVARIM[[#This Row],[מענק חתונה]]>0,HEVARIM[[#This Row],[מענק לימודים]]>0)),1,0) -> 0 | AR13: =IF(HEVARIM[[#This Row],[קוד מעמד]]="1 ",IFERROR(VLOOKUP(HEVARIM[[#This Row],[קוד תקציב]],'תקציב צביעה - לקראת השינוי'!A:F,6,0),0)/COUNTIFS(HEVARIM[קוד תקציב],HEVARIM[[#This Row],[קוד תקציב]],HEVARIM[קוד מעמד],"1 "),0) -> 0 | AS13: =IF(HEVARIM[[#This Row],[קוד מעמד]]="1 ",IFERROR(VLOOKUP(HEVARIM[[#This Row],[קוד תקציב]],'תקציב צביעה - לקראת השינוי'!A:F,4,0),0),0) -> 0
A14: 01181 | B14: אריאל אסף | C14: אריאל | D14: אסף | E14: ז | F14: 35211 | G14: 29 | H14: 0118 | I14: אריאל אסף ואלישבע | J14: פתוח | K14: תושב לגביה | L14: 206904666 | M14: 01181 | N14: אריאל אסף | O14: =IFERROR(VLOOKUP(HEVARIM[[#This Row],[קוד תקציב]],[2]תקציבים!A:L,6,0),0) -> 0 | P14: 35 | Q14: מסלול צעירים -עד גיל 03 | R14: 45444 | S14: נשוי | T14: 0106 | U14: =VLOOKUP(HEVARIM[[#This Row],[גיל]],GIL,2,1) -> -- | V14: =IF(HEVARIM[[#This Row],[קוד מעמד]]="4 ",IF(HEVARIM[[#This Row],[גיל]]=1,1,IF(HEVARIM[[#This Row],[גיל]]<=5,5,18)),"") | W14: =IF(G14<67,0, IF(O14=1, IF(G14>=80,1896-231,1795-231), IF(O14=2, IF(G14>=80,2899-332,2697-332), 0)) ) -> 0 | X14: =IF(AND(HEVARIM[[#This Row],[מין]]="ז ",HEVARIM[[#This Row],[גיל]]>67),'[2]ריכוז נתונים'!$AB$2,IF(AND(HEVARIM[[#This Row],[מין]]="נ ",HEVARIM[[#This Row],[גיל]]>62),'[2]ריכוז נתונים'!$AB$2,0)) -> 0 | Y14: =IF(HEVARIM[[#This Row],[מצב משפחתי2]]="אלמן",'[2]ריכוז נתונים'!$AC$2,0) -> 0 | Z14: =VLOOKUP(VALUE(HEVARIM[[#This Row],[קוד מעמד]]),הנחות!$I$2:$K$21,3,0) -> 1 | AA14: =ISERROR(VLOOKUP(HEVARIM[[#This Row],[קוד תקציב]],'[2]ריכוז נתונים'!A:A,1,0)) -> TRUE | AB14: =IF(AND($G14>=AC$2,$G14<=AC$3,$E14="ז ",$Z14=1),AC$4*(($G14-AC$2)/(AC$3-AC$2)),0) -> 0 | AC14: =IF(HEVARIM[[#This Row],[בר מצוה]]>0,YEAR(TODAY())+'תקציבים מיוחדים'!$F$5-HEVARIM[[#This Row],[גיל]],0) -> 0 | AD14: =IF(AND($G14>=AE$2,$G14<=AE$3,$E14="נ ",$Z14=1),AE$4*(($G14-AE$2)/(AE$3-AE$2)),0) -> 0 | AE14: =IF(HEVARIM[[#This Row],[בת מצוה]]>0,YEAR(TODAY())+'תקציבים מיוחדים'!$F$5-HEVARIM[[#This Row],[גיל]],0) -> 0 | AF14: =IF(AND($S14>="רווק",$Z14=1),AF$4*IF(HEVARIM[[#This Row],[גיל]]>$AF$3,1,(($G14-AF$2)/(AF$3-AF$2))),0) -> 0 | AG14: =IF(HEVARIM[[#This Row],[מענק חתונה]]>0,IF(HEVARIM[[#This Row],[גיל]]>'תקציבים מיוחדים'!$F$6,2025,YEAR(TODAY())+'תקציבים מיוחדים'!$F$6-HEVARIM[[#This Row],[גיל]]),0) -> 0 | AH14: =IF(AND($G14>=AI$2,$G14<=AI$3,$Z14=1),AI$4*(($G14-AI$2)/(AI$3-AI$2)),0) -> 0 | AI14: =IF(AH14>0,YEAR(TODAY())+'תקציבים מיוחדים'!$F$7-HEVARIM[[#This Row],[גיל]],0) -> 0 | AJ14: =IF(AND(ISERROR(VLOOKUP(H14,'[2]ריכוז נתונים'!A:L,1,0)),P14="1 "),1,0) -> 0 | AK14: =IF(VALUE(HEVARIM[[#This Row],[קוד מעמד]])=1,VLOOKUP((IF(LEFT(HEVARIM[[#This Row],[קוד חבר]],1)="0",HEVARIM[[#This Row],[קוד חבר]],VALUE(HEVARIM[[#This Row],[קוד חבר]]))),'ותק חברה 40'!AQ:AW,7,0),"") | AL14: =IF(AND(VALUE(HEVARIM[[#This Row],[קוד מעמד]])=1,HEVARIM[[#This Row],[ותק מחברה 40]]<25),HEVARIM[[#This Row],[ותק מחברה 40]]/25*הנחות!$C$4,0) -> 0 | AM14: =IF(HEVARIM[[#This Row],[דמי עזיבה 25 שנות ותק]]>0,YEAR(TODAY())+25-ROUNDDOWN(HEVARIM[[#This Row],[ותק מחברה 40]],0),"") | AN14: =IF(AND(VALUE(HEVARIM[[#This Row],[קוד מעמד]])=1,HEVARIM[[#This Row],[ותק מחברה 40]]>25,HEVARIM[[#This Row],[גיל]]<65),הנחות!$C$14+(HEVARIM[[#This Row],[ותק מחברה 40]]-25)*הנחות!$C$10*0.25,0) -> 0 | AO14: =IF(HEVARIM[[#This Row],[דמי עזיבה לגיל 65]]>0,YEAR(TODAY())+64-ROUNDDOWN(HEVARIM[[#This Row],[גיל]],0),"") | AP14: =SUMIF(HEVARIM[קוד תקציב],HEVARIM[[#This Row],[קוד תקציב משפחה מקורי]],HEVARIM[ותק מחברה 40]) -> 86.59 | AQ14: =IF(AND(HEVARIM[[#This Row],[גיל]]>HEVARIM[[#This Row],[ותק הורים]],OR(HEVARIM[[#This Row],[בר מצוה]]>0,HEVARIM[[#This Row],[בת מצוה]]>0,HEVARIM[[#This Row],[מענק חתונה]]>0,HEVARIM[[#This Row],[מענק לימודים]]>0)),1,0) -> 0 | AR14: =IF(HEVARIM[[#This Row],[קוד מעמד]]="1 ",IFERROR(VLOOKUP(HEVARIM[[#This Row],[קוד תקציב]],'תקציב צביעה - לקראת השינוי'!A:F,6,0),0)/COUNTIFS(HEVARIM[קוד תקציב],HEVARIM[[#This Row],[קוד תקציב]],HEVARIM[קוד מעמד],"1 "),0) -> 0 | AS14: =IF(HEVARIM[[#This Row],[קוד מעמד]]="1 ",IFERROR(VLOOKUP(HEVARIM[[#This Row],[קוד תקציב]],'תקציב צביעה - לקראת השינוי'!A:F,4,0),0),0) -> 0
A15: 01062 | B15: אריאל ענת | C15: אריאל | D15: ענת | E15: נ | F15: 23047 | G15: 62 | H15: 0106 | I15: אריאל חנן וענת | J15: פתוח | K15: חבר | L15: 057874653 | M15: 01061 | N15: אריאל חנן | O15: =IFERROR(VLOOKUP(HEVARIM[[#This Row],[קוד תקציב]],[2]תקציבים!A:L,6,0),0) -> 2 | P15: 1 | Q15: חבר ^חבר | R15: 31594 | S15: נשוי | T15: 0106 | U15: =VLOOKUP(HEVARIM[[#This Row],[גיל]],GIL,2,1) -> -- | V15: =IF(HEVARIM[[#This Row],[קוד מעמד]]="4 ",IF(HEVARIM[[#This Row],[גיל]]=1,1,IF(HEVARIM[[#This Row],[גיל]]<=5,5,18)),"") | W15: =IF(G15<67,0, IF(O15=1, IF(G15>=80,1896-231,1795-231), IF(O15=2, IF(G15>=80,2899-332,2697-332), 0)) ) -> 0 | X15: =IF(AND(HEVARIM[[#This Row],[מין]]="ז ",HEVARIM[[#This Row],[גיל]]>67),'[2]ריכוז נתונים'!$AB$2,IF(AND(HEVARIM[[#This Row],[מין]]="נ ",HEVARIM[[#This Row],[גיל]]>62),'[2]ריכוז נתונים'!$AB$2,0)) -> 0 | Y15: =IF(HEVARIM[[#This Row],[מצב משפחתי2]]="אלמן",'[2]ריכוז נתונים'!$AC$2,0) -> 0 | Z15: =VLOOKUP(VALUE(HEVARIM[[#This Row],[קוד מעמד]]),הנחות!$I$2:$K$21,3,0) -> 0 | AA15: =ISERROR(VLOOKUP(HEVARIM[[#This Row],[קוד תקציב]],'[2]ריכוז נתונים'!A:A,1,0)) -> FALSE | AB15: =IF(AND($G15>=AC$2,$G15<=AC$3,$E15="ז ",$Z15=1),AC$4*(($G15-AC$2)/(AC$3-AC$2)),0) -> 0 | AC15: =IF(HEVARIM[[#This Row],[בר מצוה]]>0,YEAR(TODAY())+'תקציבים מיוחדים'!$F$5-HEVARIM[[#This Row],[גיל]],0) -> 0 | AD15: =IF(AND($G15>=AE$2,$G15<=AE$3,$E15="נ ",$Z15=1),AE$4*(($G15-AE$2)/(AE$3-AE$2)),0) -> 0 | AE15: =IF(HEVARIM[[#This Row],[בת מצוה]]>0,YEAR(TODAY())+'תקציבים מיוחדים'!$F$5-HEVARIM[[#This Row],[גיל]],0) -> 0 | AF15: =IF(AND($S15>="רווק",$Z15=1),AF$4*IF(HEVARIM[[#This Row],[גיל]]>$AF$3,1,(($G15-AF$2)/(AF$3-AF$2))),0) -> 0 | AG15: =IF(HEVARIM[[#This Row],[מענק חתונה]]>0,IF(HEVARIM[[#This Row],[גיל]]>'תקציבים מיוחדים'!$F$6,2025,YEAR(TODAY())+'תקציבים מיוחדים'!$F$6-HEVARIM[[#This Row],[גיל]]),0) -> 0 | AH15: =IF(AND($G15>=AI$2,$G15<=AI$3,$Z15=1),AI$4*(($G15-AI$2)/(AI$3-AI$2)),0) -> 0 | AI15: =IF(AH15>0,YEAR(TODAY())+'תקציבים מיוחדים'!$F$7-HEVARIM[[#This Row],[גיל]],0) -> 0 | AJ15: =IF(AND(ISERROR(VLOOKUP(H15,'[2]ריכוז נתונים'!A:L,1,0)),P15="1 "),1,0) -> 0 | AK15: =IF(VALUE(HEVARIM[[#This Row],[קוד מעמד]])=1,VLOOKUP((IF(LEFT(HEVARIM[[#This Row],[קוד חבר]],1)="0",HEVARIM[[#This Row],[קוד חבר]],VALUE(HEVARIM[[#This Row],[קוד חבר]]))),'ותק חברה 40'!AQ:AW,7,0),"") -> 39.06 | AL15: =IF(AND(VALUE(HEVARIM[[#This Row],[קוד מעמד]])=1,HEVARIM[[#This Row],[ותק מחברה 40]]<25),HEVARIM[[#This Row],[ותק מחברה 40]]/25*הנחות!$C$4,0) -> 0 | AM15: =IF(HEVARIM[[#This Row],[דמי עזיבה 25 שנות ותק]]>0,YEAR(TODAY())+25-ROUNDDOWN(HEVARIM[[#This Row],[ותק מחברה 40]],0),"") | AN15: =IF(AND(VALUE(HEVARIM[[#This Row],[קוד מעמד]])=1,HEVARIM[[#This Row],[ותק מחברה 40]]>25,HEVARIM[[#This Row],[גיל]]<65),הנחות!$C$14+(HEVARIM[[#This Row],[ותק מחברה 40]]-25)*הנחות!$C$10*0.25,0) -> 64505.913 | AO15: =IF(HEVARIM[[#This Row],[דמי עזיבה לגיל 65]]>0,YEAR(TODAY())+64-ROUNDDOWN(HEVARIM[[#This Row],[גיל]],0),"") -> 2028 | AP15: =SUMIF(HEVARIM[קוד תקציב],HEVARIM[[#This Row],[קוד תקציב משפחה מקורי]],HEVARIM[ותק מחברה 40]) -> 86.59 | AQ15: =IF(AND(HEVARIM[[#This Row],[גיל]]>HEVARIM[[#This Row],[ותק הורים]],OR(HEVARIM[[#This Row],[בר מצוה]]>0,HEVARIM[[#This Row],[בת מצוה]]>0,HEVARIM[[#This Row],[מענק חתונה]]>0,HEVARIM[[#This Row],[מענק לימודים]]>0)),1,0) -> 0 | AR15: =IF(HEVARIM[[#This Row],[קוד מעמד]]="1 ",IFERROR(VLOOKUP(HEVARIM[[#This Row],[קוד תקציב]],'תקציב צביעה - לקראת השינוי'!A:F,6,0),0)/COUNTIFS(HEVARIM[קוד תקציב],HEVARIM[[#This Row],[קוד תקציב]],HEVARIM[קוד מעמד],"1 "),0) -> 1406.25 | AS15: =IF(HEVARIM[[#This Row],[קוד מעמד]]="1 ",IFERROR(VLOOKUP(HEVARIM[[#This Row],[קוד תקציב]],'תקציב צביעה - לקראת השינוי'!A:F,4,0),0),0) -> 2032
A16: 01301 | B16: אריאל יאיר | C16: אריאל | D16: יאיר | E16: ז | F16: 31341 | G16: 40 | H16: 0130 | I16: אריאל יאיר ואילת | J16: פתוח | K16: חבר | L16: 038021804 | M16: 01301 | N16: אריאל יאיר | O16: =IFERROR(VLOOKUP(HEVARIM[[#This Row],[קוד תקציב]],[2]תקציבים!A:L,6,0),0) -> 2 | P16: 1 | Q16: חבר ^חבר | R16: 41609 | S16: נשוי | T16: 0106 | U16: =VLOOKUP(HEVARIM[[#This Row],[גיל]],GIL,2,1) -> -- | V16: =IF(HEVARIM[[#This Row],[קוד מעמד]]="4 ",IF(HEVARIM[[#This Row],[גיל]]=1,1,IF(HEVARIM[[#This Row],[גיל]]<=5,5,18)),"") | W16: =IF(G16<67,0, IF(O16=1, IF(G16>=80,1896-231,1795-231), IF(O16=2, IF(G16>=80,2899-332,2697-332), 0)) ) -> 0 | X16: =IF(AND(HEVARIM[[#This Row],[מין]]="ז ",HEVARIM[[#This Row],[גיל]]>67),'[2]ריכוז נתונים'!$AB$2,IF(AND(HEVARIM[[#This Row],[מין]]="נ ",HEVARIM[[#This Row],[גיל]]>62),'[2]ריכוז נתונים'!$AB$2,0)) -> 0 | Y16: =IF(HEVARIM[[#This Row],[מצב משפחתי2]]="אלמן",'[2]ריכוז נתונים'!$AC$2,0) -> 0 | Z16: =VLOOKUP(VALUE(HEVARIM[[#This Row],[קוד מעמד]]),הנחות!$I$2:$K$21,3,0) -> 0 | AA16: =ISERROR(VLOOKUP(HEVARIM[[#This Row],[קוד תקציב]],'[2]ריכוז נתונים'!A:A,1,0)) -> FALSE | AB16: =IF(AND($G16>=AC$2,$G16<=AC$3,$E16="ז ",$Z16=1),AC$4*(($G16-AC$2)/(AC$3-AC$2)),0) -> 0 | AC16: =IF(HEVARIM[[#This Row],[בר מצוה]]>0,YEAR(TODAY())+'תקציבים מיוחדים'!$F$5-HEVARIM[[#This Row],[גיל]],0) -> 0 | AD16: =IF(AND($G16>=AE$2,$G16<=AE$3,$E16="נ ",$Z16=1),AE$4*(($G16-AE$2)/(AE$3-AE$2)),0) -> 0 | AE16: =IF(HEVARIM[[#This Row],[בת מצוה]]>0,YEAR(TODAY())+'תקציבים מיוחדים'!$F$5-HEVARIM[[#This Row],[גיל]],0) -> 0 | AF16: =IF(AND($S16>="רווק",$Z16=1),AF$4*IF(HEVARIM[[#This Row],[גיל]]>$AF$3,1,(($G16-AF$2)/(AF$3-AF$2))),0) -> 0 | AG16: =IF(HEVARIM[[#This Row],[מענק חתונה]]>0,IF(HEVARIM[[#This Row],[גיל]]>'תקציבים מיוחדים'!$F$6,2025,YEAR(TODAY())+'תקציבים מיוחדים'!$F$6-HEVARIM[[#This Row],[גיל]]),0) -> 0 | AH16: =IF(AND($G16>=AI$2,$G16<=AI$3,$Z16=1),AI$4*(($G16-AI$2)/(AI$3-AI$2)),0) -> 0 | AI16: =IF(AH16>0,YEAR(TODAY())+'תקציבים מיוחדים'!$F$7-HEVARIM[[#This Row],[גיל]],0) -> 0 | AJ16: =IF(AND(ISERROR(VLOOKUP(H16,'[2]ריכוז נתונים'!A:L,1,0)),P16="1 "),1,0) -> 0 | AK16: =IF(VALUE(HEVARIM[[#This Row],[קוד מעמד]])=1,VLOOKUP((IF(LEFT(HEVARIM[[#This Row],[קוד חבר]],1)="0",HEVARIM[[#This Row],[קוד חבר]],VALUE(HEVARIM[[#This Row],[קוד חבר]]))),'ותק חברה 40'!AQ:AW,7,0),"") -> 13.76 | AL16: =IF(AND(VALUE(HEVARIM[[#This Row],[קוד מעמד]])=1,HEVARIM[[#This Row],[ותק מחברה 40]]<25),HEVARIM[[#This Row],[ותק מחברה 40]]/25*הנחות!$C$4,0) -> 20659.051 | AM16: =IF(HEVARIM[[#This Row],[דמי עזיבה 25 שנות ותק]]>0,YEAR(TODAY())+25-ROUNDDOWN(HEVARIM[[#This Row],[ותק מחברה 40]],0),"") -> 2038 | AN16: =IF(AND(VALUE(HEVARIM[[#This Row],[קוד מעמד]])=1,HEVARIM[[#This Row],[ותק מחברה 40]]>25,HEVARIM[[#This Row],[גיל]]<65),הנחות!$C$14+(HEVARIM[[#This Row],[ותק מחברה 40]]-25)*הנחות!$C$10*0.25,0) -> 0 | AO16: =IF(HEVARIM[[#This Row],[דמי עזיבה לגיל 65]]>0,YEAR(TODAY())+64-ROUNDDOWN(HEVARIM[[#This Row],[גיל]],0),"") | AP16: =SUMIF(HEVARIM[קוד תקציב],HEVARIM[[#This Row],[קוד תקציב משפחה מקורי]],HEVARIM[ותק מחברה 40]) -> 86.59 | AQ16: =IF(AND(HEVARIM[[#This Row],[גיל]]>HEVARIM[[#This Row],[ותק הורים]],OR(HEVARIM[[#This Row],[בר מצוה]]>0,HEVARIM[[#This Row],[בת מצוה]]>0,HEVARIM[[#This Row],[מענק חתונה]]>0,HEVARIM[[#This Row],[מענק לימודים]]>0)),1,0) -> 0 | AR16: =IF(HEVARIM[[#This Row],[קוד מעמד]]="1 ",IFERROR(VLOOKUP(HEVARIM[[#This Row],[קוד תקציב]],'תקציב צביעה - לקראת השינוי'!A:F,6,0),0)/COUNTIFS(HEVARIM[קוד תקציב],HEVARIM[[#This Row],[קוד תקציב]],HEVARIM[קוד מעמד],"1 "),0) -> 468.75 | AS16: =IF(HEVARIM[[#This Row],[קוד מעמד]]="1 ",IFERROR(VLOOKUP(HEVARIM[[#This Row],[קוד תקציב]],'תקציב צביעה - לקראת השינוי'!A:F,4,0),0),0) -> 2034
A17: 01071 | B17: אורן יהודה | C17: אורן | D17: יהודה | E17: ז | F17: 18890 | G17: 74 | H17: 0107 | I17: אורן יהודה והניה | J17: פתוח | K17: חבר | L17: 051033199 | M17: 01071 | N17: אורן יהודה | O17: =IFERROR(VLOOKUP(HEVARIM[[#This Row],[קוד תקציב]],[2]תקציבים!A:L,6,0),0) -> 2 | P17: 1 | Q17: חבר ^חבר | R17: 26634 | S17: נשוי | T17: 0107 | U17: =VLOOKUP(HEVARIM[[#This Row],[גיל]],GIL,2,1) -> -- | V17: =IF(HEVARIM[[#This Row],[קוד מעמד]]="4 ",IF(HEVARIM[[#This Row],[גיל]]=1,1,IF(HEVARIM[[#This Row],[גיל]]<=5,5,18)),"") | W17: =IF(G17<67,0, IF(O17=1, IF(G17>=80,1896-231,1795-231), IF(O17=2, IF(G17>=80,2899-332,2697-332), 0)) ) -> 2365 | X17: =IF(AND(HEVARIM[[#This Row],[מין]]="ז ",HEVARIM[[#This Row],[גיל]]>67),'[2]ריכוז נתונים'!$AB$2,IF(AND(HEVARIM[[#This Row],[מין]]="נ ",HEVARIM[[#This Row],[גיל]]>62),'[2]ריכוז נתונים'!$AB$2,0)) -> 7500 | Y17: =IF(HEVARIM[[#This Row],[מצב משפחתי2]]="אלמן",'[2]ריכוז נתונים'!$AC$2,0) -> 0 | Z17: =VLOOKUP(VALUE(HEVARIM[[#This Row],[קוד מעמד]]),הנחות!$I$2:$K$21,3,0) -> 0 | AA17: =ISERROR(VLOOKUP(HEVARIM[[#This Row],[קוד תקציב]],'[2]ריכוז נתונים'!A:A,1,0)) -> FALSE | AB17: =IF(AND($G17>=AC$2,$G17<=AC$3,$E17="ז ",$Z17=1),AC$4*(($G17-AC$2)/(AC$3-AC$2)),0) -> 0 | AC17: =IF(HEVARIM[[#This Row],[בר מצוה]]>0,YEAR(TODAY())+'תקציבים מיוחדים'!$F$5-HEVARIM[[#This Row],[גיל]],0) -> 0 | AD17: =IF(AND($G17>=AE$2,$G17<=AE$3,$E17="נ ",$Z17=1),AE$4*(($G17-AE$2)/(AE$3-AE$2)),0) -> 0 | AE17: =IF(HEVARIM[[#This Row],[בת מצוה]]>0,YEAR(TODAY())+'תקציבים מיוחדים'!$F$5-HEVARIM[[#This Row],[גיל]],0) -> 0 | AF17: =IF(AND($S17>="רווק",$Z17=1),AF$4*IF(HEVARIM[[#This Row],[גיל]]>$AF$3,1,(($G17-AF$2)/(AF$3-AF$2))),0) -> 0 | AG17: =IF(HEVARIM[[#This Row],[מענק חתונה]]>0,IF(HEVARIM[[#This Row],[גיל]]>'תקציבים מיוחדים'!$F$6,2025,YEAR(TODAY())+'תקציבים מיוחדים'!$F$6-HEVARIM[[#This Row],[גיל]]),0) -> 0 | AH17: =IF(AND($G17>=AI$2,$G17<=AI$3,$Z17=1),AI$4*(($G17-AI$2)/(AI$3-AI$2)),0) -> 0 | AI17: =IF(AH17>0,YEAR(TODAY())+'תקציבים מיוחדים'!$F$7-HEVARIM[[#This Row],[גיל]],0) -> 0 | AJ17: =IF(AND(ISERROR(VLOOKUP(H17,'[2]ריכוז נתונים'!A:L,1,0)),P17="1 "),1,0) -> 0 | AK17: =IF(VALUE(HEVARIM[[#This Row],[קוד מעמד]])=1,VLOOKUP((IF(LEFT(HEVARIM[[#This Row],[קוד חבר]],1)="0",HEVARIM[[#This Row],[קוד חבר]],VALUE(HEVARIM[[#This Row],[קוד חבר]]))),'ותק חברה 40'!AQ:AW,7,0),"") -> 48 | AL17: =IF(AND(VALUE(HEVARIM[[#This Row],[קוד מעמד]])=1,HEVARIM[[#This Row],[ותק מחברה 40]]<25),HEVARIM[[#This Row],[ותק מחברה 40]]/25*הנחות!$C$4,0) -> 0 | AM17: =IF(HEVARIM[[#This Row],[דמי עזיבה 25 שנות ותק]]>0,YEAR(TODAY())+25-ROUNDDOWN(HEVARIM[[#This Row],[ותק מחברה 40]],0),"") | AN17: =IF(AND(VALUE(HEVARIM[[#This Row],[קוד מעמד]])=1,HEVARIM[[#This Row],[ותק מחברה 40]]>25,HEVARIM[[#This Row],[גיל]]<65),הנחות!$C$14+(HEVARIM[[#This Row],[ותק מחברה 40]]-25)*הנחות!$C$10*0.25,0) -> 0 | AO17: =IF(HEVARIM[[#This Row],[דמי עזיבה לגיל 65]]>0,YEAR(TODAY())+64-ROUNDDOWN(HEVARIM[[#This Row],[גיל]],0),"") | AP17: =SUMIF(HEVARIM[קוד תקציב],HEVARIM[[#This Row],[קוד תקציב משפחה מקורי]],HEVARIM[ותק מחברה 40]) -> 96 | AQ17: =IF(AND(HEVARIM[[#This Row],[גיל]]>HEVARIM[[#This Row],[ותק הורים]],OR(HEVARIM[[#This Row],[בר מצוה]]>0,HEVARIM[[#This Row],[בת מצוה]]>0,HEVARIM[[#This Row],[מענק חתונה]]>0,HEVARIM[[#This Row],[מענק לימודים]]>0)),1,0) -> 0 | AR17: =IF(HEVARIM[[#This Row],[קוד מעמד]]="1 ",IFERROR(VLOOKUP(HEVARIM[[#This Row],[קוד תקציב]],'תקציב צביעה - לקראת השינוי'!A:F,6,0),0)/COUNTIFS(HEVARIM[קוד תקציב],HEVARIM[[#This Row],[קוד תקציב]],HEVARIM[קוד מעמד],"1 "),0) -> 3750 | AS17: =IF(HEVARIM[[#This Row],[קוד מעמד]]="1 ",IFERROR(VLOOKUP(HEVARIM[[#This Row],[קוד תקציב]],'תקציב צביעה - לקראת השינוי'!A:F,4,0),0),0) -> 2027
A18: 01072 | B18: אורן הניה | C18: אורן | D18: הניה | E18: נ | F18: 18979 | G18: 74 | H18: 0107 | I18: אורן יהודה והניה | J18: פתוח | K18: חבר | L18: 050489814 | M18: 01071 | N18: אורן יהודה | O18: =IFERROR(VLOOKUP(HEVARIM[[#This Row],[קוד תקציב]],[2]תקציבים!A:L,6,0),0) -> 2 | P18: 1 | Q18: חבר ^חבר | R18: 26449 | S18: נשוי | T18: 0107 | U18: =VLOOKUP(HEVARIM[[#This Row],[גיל]],GIL,2,1) -> -- | V18: =IF(HEVARIM[[#This Row],[קוד מעמד]]="4 ",IF(HEVARIM[[#This Row],[גיל]]=1,1,IF(HEVARIM[[#This Row],[גיל]]<=5,5,18)),"") | W18: =IF(G18<67,0, IF(O18=1, IF(G18>=80,1896-231,1795-231), IF(O18=2, IF(G18>=80,2899-332,2697-332), 0)) ) -> 2365 | X18: =IF(AND(HEVARIM[[#This Row],[מין]]="ז ",HEVARIM[[#This Row],[גיל]]>67),'[2]ריכוז נתונים'!$AB$2,IF(AND(HEVARIM[[#This Row],[מין]]="נ ",HEVARIM[[#This Row],[גיל]]>62),'[2]ריכוז נתונים'!$AB$2,0)) -> 7500 | Y18: =IF(HEVARIM[[#This Row],[מצב משפחתי2]]="אלמן",'[2]ריכוז נתונים'!$AC$2,0) -> 0 | Z18: =VLOOKUP(VALUE(HEVARIM[[#This Row],[קוד מעמד]]),הנחות!$I$2:$K$21,3,0) -> 0 | AA18: =ISERROR(VLOOKUP(HEVARIM[[#This Row],[קוד תקציב]],'[2]ריכוז נתונים'!A:A,1,0)) -> FALSE | AB18: =IF(AND($G18>=AC$2,$G18<=AC$3,$E18="ז ",$Z18=1),AC$4*(($G18-AC$2)/(AC$3-AC$2)),0) -> 0 | AC18: =IF(HEVARIM[[#This Row],[בר מצוה]]>0,YEAR(TODAY())+'תקציבים מיוחדים'!$F$5-HEVARIM[[#This Row],[גיל]],0) -> 0 | AD18: =IF(AND($G18>=AE$2,$G18<=AE$3,$E18="נ ",$Z18=1),AE$4*(($G18-AE$2)/(AE$3-AE$2)),0) -> 0 | AE18: =IF(HEVARIM[[#This Row],[בת מצוה]]>0,YEAR(TODAY())+'תקציבים מיוחדים'!$F$5-HEVARIM[[#This Row],[גיל]],0) -> 0 | AF18: =IF(AND($S18>="רווק",$Z18=1),AF$4*IF(HEVARIM[[#This Row],[גיל]]>$AF$3,1,(($G18-AF$2)/(AF$3-AF$2))),0) -> 0 | AG18: =IF(HEVARIM[[#This Row],[מענק חתונה]]>0,IF(HEVARIM[[#This Row],[גיל]]>'תקציבים מיוחדים'!$F$6,2025,YEAR(TODAY())+'תקציבים מיוחדים'!$F$6-HEVARIM[[#This Row],[גיל]]),0) -> 0 | AH18: =IF(AND($G18>=AI$2,$G18<=AI$3,$Z18=1),AI$4*(($G18-AI$2)/(AI$3-AI$2)),0) -> 0 | AI18: =IF(AH18>0,YEAR(TODAY())+'תקציבים מיוחדים'!$F$7-HEVARIM[[#This Row],[גיל]],0) -> 0 | AJ18: =IF(AND(ISERROR(VLOOKUP(H18,'[2]ריכוז נתונים'!A:L,1,0)),P18="1 "),1,0) -> 0 | AK18: =IF(VALUE(HEVARIM[[#This Row],[קוד מעמד]])=1,VLOOKUP((IF(LEFT(HEVARIM[[#This Row],[קוד חבר]],1)="0",HEVARIM[[#This Row],[קוד חבר]],VALUE(HEVARIM[[#This Row],[קוד חבר]]))),'ותק חברה 40'!AQ:AW,7,0),"") -> 48 | AL18: =IF(AND(VALUE(HEVARIM[[#This Row],[קוד מעמד]])=1,HEVARIM[[#This Row],[ותק מחברה 40]]<25),HEVARIM[[#This Row],[ותק מחברה 40]]/25*הנחות!$C$4,0) -> 0 | AM18: =IF(HEVARIM[[#This Row],[דמי עזיבה 25 שנות ותק]]>0,YEAR(TODAY())+25-ROUNDDOWN(HEVARIM[[#This Row],[ותק מחברה 40]],0),"") | AN18: =IF(AND(VALUE(HEVARIM[[#This Row],[קוד מעמד]])=1,HEVARIM[[#This Row],[ותק מחברה 40]]>25,HEVARIM[[#This Row],[גיל]]<65),הנחות!$C$14+(HEVARIM[[#This Row],[ותק מחברה 40]]-25)*הנחות!$C$10*0.25,0) -> 0 | AO18: =IF(HEVARIM[[#This Row],[דמי עזיבה לגיל 65]]>0,YEAR(TODAY())+64-ROUNDDOWN(HEVARIM[[#This Row],[גיל]],0),"") | AP18: =SUMIF(HEVARIM[קוד תקציב],HEVARIM[[#This Row],[קוד תקציב משפחה מקורי]],HEVARIM[ותק מחברה 40]) -> 96 | AQ18: =IF(AND(HEVARIM[[#This Row],[גיל]]>HEVARIM[[#This Row],[ותק הורים]],OR(HEVARIM[[#This Row],[בר מצוה]]>0,HEVARIM[[#This Row],[בת מצוה]]>0,HEVARIM[[#This Row],[מענק חתונה]]>0,HEVARIM[[#This Row],[מענק לימודים]]>0)),1,0) -> 0 | AR18: =IF(HEVARIM[[#This Row],[קוד מעמד]]="1 ",IFERROR(VLOOKUP(HEVARIM[[#This Row],[קוד תקציב]],'תקציב צביעה - לקראת השינוי'!A:F,6,0),0)/COUNTIFS(HEVARIM[קוד תקציב],HEVARIM[[#This Row],[קוד תקציב]],HEVARIM[קוד מעמד],"1 "),0) -> 3750 | AS18: =IF(HEVARIM[[#This Row],[קוד מעמד]]="1 ",IFERROR(VLOOKUP(HEVARIM[[#This Row],[קוד תקציב]],'תקציב צביעה - לקראת השינוי'!A:F,4,0),0),0) -> 2027
A19: 03092 | B19: גלבוע נעה | C19: גלבוע | D19: נעה | E19: נ | F19: 31670 | G19: 39 | H19: 0320 | I19: גלבוע נעה | J19: פתוח | K19: חבר | L19: 300007879 | M19: 03092 | N19: גלבוע נעה | O19: =IFERROR(VLOOKUP(HEVARIM[[#This Row],[קוד תקציב]],[2]תקציבים!A:L,6,0),0) -> 1 | P19: 1 | Q19: חבר ^חבר | R19: 39981 | S19: גרוש | T19: 0107 | U19: =VLOOKUP(HEVARIM[[#This Row],[גיל]],GIL,2,1) -> -- | V19: =IF(HEVARIM[[#This Row],[קוד מעמד]]="4 ",IF(HEVARIM[[#This Row],[גיל]]=1,1,IF(HEVARIM[[#This Row],[גיל]]<=5,5,18)),"") | W19: =IF(G19<67,0, IF(O19=1, IF(G19>=80,1896-231,1795-231), IF(O19=2, IF(G19>=80,2899-332,2697-332), 0)) ) -> 0 | X19: =IF(AND(HEVARIM[[#This Row],[מין]]="ז ",HEVARIM[[#This Row],[גיל]]>67),'[2]ריכוז נתונים'!$AB$2,IF(AND(HEVARIM[[#This Row],[מין]]="נ ",HEVARIM[[#This Row],[גיל]]>62),'[2]ריכוז נתונים'!$AB$2,0)) -> 0 | Y19: =IF(HEVARIM[[#This Row],[מצב משפחתי2]]="אלמן",'[2]ריכוז נתונים'!$AC$2,0) -> 0 | Z19: =VLOOKUP(VALUE(HEVARIM[[#This Row],[קוד מעמד]]),הנחות!$I$2:$K$21,3,0) -> 0 | AA19: =ISERROR(VLOOKUP(HEVARIM[[#This Row],[קוד תקציב]],'[2]ריכוז נתונים'!A:A,1,0)) -> FALSE | AB19: =IF(AND($G19>=AC$2,$G19<=AC$3,$E19="ז ",$Z19=1),AC$4*(($G19-AC$2)/(AC$3-AC$2)),0) -> 0 | AC19: =IF(HEVARIM[[#This Row],[בר מצוה]]>0,YEAR(TODAY())+'תקציבים מיוחדים'!$F$5-HEVARIM[[#This Row],[גיל]],0) -> 0 | AD19: =IF(AND($G19>=AE$2,$G19<=AE$3,$E19="נ ",$Z19=1),AE$4*(($G19-AE$2)/(AE$3-AE$2)),0) -> 0 | AE19: =IF(HEVARIM[[#This Row],[בת מצוה]]>0,YEAR(TODAY())+'תקציבים מיוחדים'!$F$5-HEVARIM[[#This Row],[גיל]],0) -> 0 | AF19: =IF(AND($S19>="רווק",$Z19=1),AF$4*IF(HEVARIM[[#This Row],[גיל]]>$AF$3,1,(($G19-AF$2)/(AF$3-AF$2))),0) -> 0 | AG19: =IF(HEVARIM[[#This Row],[מענק חתונה]]>0,IF(HEVARIM[[#This Row],[גיל]]>'תקציבים מיוחדים'!$F$6,2025,YEAR(TODAY())+'תקציבים מיוחדים'!$F$6-HEVARIM[[#This Row],[גיל]]),0) -> 0 | AH19: =IF(AND($G19>=AI$2,$G19<=AI$3,$Z19=1),AI$4*(($G19-AI$2)/(AI$3-AI$2)),0) -> 0 | AI19: =IF(AH19>0,YEAR(TODAY())+'תקציבים מיוחדים'!$F$7-HEVARIM[[#This Row],[גיל]],0) -> 0 | AJ19: =IF(AND(ISERROR(VLOOKUP(H19,'[2]ריכוז נתונים'!A:L,1,0)),P19="1 "),1,0) -> 0 | AK19: =IF(VALUE(HEVARIM[[#This Row],[קוד מעמד]])=1,VLOOKUP((IF(LEFT(HEVARIM[[#This Row],[קוד חבר]],1)="0",HEVARIM[[#This Row],[קוד חבר]],VALUE(HEVARIM[[#This Row],[קוד חבר]]))),'ותק חברה 40'!AQ:AW,7,0),"") -> 18.93 | AL19: =IF(AND(VALUE(HEVARIM[[#This Row],[קוד מעמד]])=1,HEVARIM[[#This Row],[ותק מחברה 40]]<25),HEVARIM[[#This Row],[ותק מחברה 40]]/25*הנחות!$C$4,0) -> 28421.209 | AM19: =IF(HEVARIM[[#This Row],[דמי עזיבה 25 שנות ותק]]>0,YEAR(TODAY())+25-ROUNDDOWN(HEVARIM[[#This Row],[ותק מחברה 40]],0),"") -> 2033 | AN19: =IF(AND(VALUE(HEVARIM[[#This Row],[קוד מעמד]])=1,HEVARIM[[#This Row],[ותק מחברה 40]]>25,HEVARIM[[#This Row],[גיל]]<65),הנחות!$C$14+(HEVARIM[[#This Row],[ותק מחברה 40]]-25)*הנחות!$C$10*0.25,0) -> 0 | AO19: =IF(HEVARIM[[#This Row],[דמי עזיבה לגיל 65]]>0,YEAR(TODAY())+64-ROUNDDOWN(HEVARIM[[#This Row],[גיל]],0),"") | AP19: =SUMIF(HEVARIM[קוד תקציב],HEVARIM[[#This Row],[קוד תקציב משפחה מקורי]],HEVARIM[ותק מחברה 40]) -> 96 | AQ19: =IF(AND(HEVARIM[[#This Row],[גיל]]>HEVARIM[[#This Row],[ותק הורים]],OR(HEVARIM[[#This Row],[בר מצוה]]>0,HEVARIM[[#This Row],[בת מצוה]]>0,HEVARIM[[#This Row],[מענק חתונה]]>0,HEVARIM[[#This Row],[מענק לימודים]]>0)),1,0) -> 0 | AR19: =IF(HEVARIM[[#This Row],[קוד מעמד]]="1 ",IFERROR(VLOOKUP(HEVARIM[[#This Row],[קוד תקציב]],'תקציב צביעה - לקראת השינוי'!A:F,6,0),0)/COUNTIFS(HEVARIM[קוד תקציב],HEVARIM[[#This Row],[קוד תקציב]],HEVARIM[קוד מעמד],"1 "),0) -> 0 | AS19: =IF(HEVARIM[[#This Row],[קוד מעמד]]="1 ",IFERROR(VLOOKUP(HEVARIM[[#This Row],[קוד תקציב]],'תקציב צביעה - לקראת השינוי'!A:F,4,0),0),0) -> 0
A20: 01091 | B20: אמיתי אליעזר | C20: אמיתי | D20: אליעזר | E20: ז | F20: 17399 | G20: 78 | H20: 0109 | I20: אמיתי אליעזר ופרדי | J20: פתוח | K20: חבר | L20: 004606539 | M20: 01091 | N20: אמיתי אליעזר | O20: =IFERROR(VLOOKUP(HEVARIM[[#This Row],[קוד תקציב]],[2]תקציבים!A:L,6,0),0) -> 2 | P20: 1 | Q20: חבר ^חבר | R20: 25203 | S20: נשוי | T20: 0109 | U20: =VLOOKUP(HEVARIM[[#This Row],[גיל]],GIL,2,1) -> -- | V20: =IF(HEVARIM[[#This Row],[קוד מעמד]]="4 ",IF(HEVARIM[[#This Row],[גיל]]=1,1,IF(HEVARIM[[#This Row],[גיל]]<=5,5,18)),"") | W20: =IF(G20<67,0, IF(O20=1, IF(G20>=80,1896-231,1795-231), IF(O20=2, IF(G20>=80,2899-332,2697-332), 0)) ) -> 2365 | X20: =IF(AND(HEVARIM[[#This Row],[מין]]="ז ",HEVARIM[[#This Row],[גיל]]>67),'[2]ריכוז נתונים'!$AB$2,IF(AND(HEVARIM[[#This Row],[מין]]="נ ",HEVARIM[[#This Row],[גיל]]>62),'[2]ריכוז נתונים'!$AB$2,0)) -> 7500 | Y20: =IF(HEVARIM[[#This Row],[מצב משפחתי2]]="אלמן",'[2]ריכוז נתונים'!$AC$2,0) -> 0 | Z20: =VLOOKUP(VALUE(HEVARIM[[#This Row],[קוד מעמד]]),הנחות!$I$2:$K$21,3,0) -> 0 | AA20: =ISERROR(VLOOKUP(HEVARIM[[#This Row],[קוד תקציב]],'[2]ריכוז נתונים'!A:A,1,0)) -> FALSE | AB20: =IF(AND($G20>=AC$2,$G20<=AC$3,$E20="ז ",$Z20=1),AC$4*(($G20-AC$2)/(AC$3-AC$2)),0) -> 0 | AC20: =IF(HEVARIM[[#This Row],[בר מצוה]]>0,YEAR(TODAY())+'תקציבים מיוחדים'!$F$5-HEVARIM[[#This Row],[גיל]],0) -> 0 | AD20: =IF(AND($G20>=AE$2,$G20<=AE$3,$E20="נ ",$Z20=1),AE$4*(($G20-AE$2)/(AE$3-AE$2)),0) -> 0 | AE20: =IF(HEVARIM[[#This Row],[בת מצוה]]>0,YEAR(TODAY())+'תקציבים מיוחדים'!$F$5-HEVARIM[[#This Row],[גיל]],0) -> 0 | AF20: =IF(AND($S20>="רווק",$Z20=1),AF$4*IF(HEVARIM[[#This Row],[גיל]]>$AF$3,1,(($G20-AF$2)/(AF$3-AF$2))),0) -> 0 | AG20: =IF(HEVARIM[[#This Row],[מענק חתונה]]>0,IF(HEVARIM[[#This Row],[גיל]]>'תקציבים מיוחדים'!$F$6,2025,YEAR(TODAY())+'תקציבים מיוחדים'!$F$6-HEVARIM[[#This Row],[גיל]]),0) -> 0 | AH20: =IF(AND($G20>=AI$2,$G20<=AI$3,$Z20=1),AI$4*(($G20-AI$2)/(AI$3-AI$2)),0) -> 0 | AI20: =IF(AH20>0,YEAR(TODAY())+'תקציבים מיוחדים'!$F$7-HEVARIM[[#This Row],[גיל]],0) -> 0 | AJ20: =IF(AND(ISERROR(VLOOKUP(H20,'[2]ריכוז נתונים'!A:L,1,0)),P20="1 "),1,0) -> 0 | AK20: =IF(VALUE(HEVARIM[[#This Row],[קוד מעמד]])=1,VLOOKUP((IF(LEFT(HEVARIM[[#This Row],[קוד חבר]],1)="0",HEVARIM[[#This Row],[קוד חבר]],VALUE(HEVARIM[[#This Row],[קוד חבר]]))),'ותק חברה 40'!AQ:AW,7,0),"") -> 45.73 | AL20: =IF(AND(VALUE(HEVARIM[[#This Row],[קוד מעמד]])=1,HEVARIM[[#This Row],[ותק מחברה 40]]<25),HEVARIM[[#This Row],[ותק מחברה 40]]/25*הנחות!$C$4,0) -> 0 | AM20: =IF(HEVARIM[[#This Row],[דמי עזיבה 25 שנות ותק]]>0,YEAR(TODAY())+25-ROUNDDOWN(HEVARIM[[#This Row],[ותק מחברה 40]],0),"") | AN20: =IF(AND(VALUE(HEVARIM[[#This Row],[קוד מעמד]])=1,HEVARIM[[#This Row],[ותק מחברה 40]]>25,HEVARIM[[#This Row],[גיל]]<65),הנחות!$C$14+(HEVARIM[[#This Row],[ותק מחברה 40]]-25)*הנחות!$C$10*0.25,0) -> 0 | AO20: =IF(HEVARIM[[#This Row],[דמי עזיבה לגיל 65]]>0,YEAR(TODAY())+64-ROUNDDOWN(HEVARIM[[#This Row],[גיל]],0),"") | AP20: =SUMIF(HEVARIM[קוד תקציב],HEVARIM[[#This Row],[קוד תקציב משפחה מקורי]],HEVARIM[ותק מחברה 40]) -> 45.73 | AQ20: =IF(AND(HEVARIM[[#This Row],[גיל]]>HEVARIM[[#This Row],[ותק הורים]],OR(HEVARIM[[#This Row],[בר מצוה]]>0,HEVARIM[[#This Row],[בת מצוה]]>0,HEVARIM[[#This Row],[מענק חתונה]]>0,HEVARIM[[#This Row],[מענק לימודים]]>0)),1,0) -> 0 | AR20: =IF(HEVARIM[[#This Row],[קוד מעמד]]="1 ",IFERROR(VLOOKUP(HEVARIM[[#This Row],[קוד תקציב]],'תקציב צביעה - לקראת השינוי'!A:F,6,0),0)/COUNTIFS(HEVARIM[קוד תקציב],HEVARIM[[#This Row],[קוד תקציב]],HEVARIM[קוד מעמד],"1 "),0) -> 937.5 | AS20: =IF(HEVARIM[[#This Row],[קוד מעמד]]="1 ",IFERROR(VLOOKUP(HEVARIM[[#This Row],[קוד תקציב]],'תקציב צביעה - לקראת השינוי'!A:F,4,0),0),0) -> 2034
A21: 01101 | B21: אדלר מרדכי | C21: אדלר | D21: מרדכי | E21: ז | F21: 19480 | G21: 72 | H21: 0110 | I21: אדלר מרדכי | J21: פתוח | K21: חבר | L21: 051865699 | M21: 01101 | N21: אדלר מרדכי | O21: =IFERROR(VLOOKUP(HEVARIM[[#This Row],[קוד תקציב]],[2]תקציבים!A:L,6,0),0) -> 1 | P21: 1 | Q21: חבר ^חבר | R21: 26298 | S21: גרוש | T21: 0110 | U21: =VLOOKUP(HEVARIM[[#This Row],[גיל]],GIL,2,1) -> -- | V21: =IF(HEVARIM[[#This Row],[קוד מעמד]]="4 ",IF(HEVARIM[[#This Row],[גיל]]=1,1,IF(HEVARIM[[#This Row],[גיל]]<=5,5,18)),"") | W21: =IF(G21<67,0, IF(O21=1, IF(G21>=80,1896-231,1795-231), IF(O21=2, IF(G21>=80,2899-332,2697-332), 0)) ) -> 1564 | X21: =IF(AND(HEVARIM[[#This Row],[מין]]="ז ",HEVARIM[[#This Row],[גיל]]>67),'[2]ריכוז נתונים'!$AB$2,IF(AND(HEVARIM[[#This Row],[מין]]="נ ",HEVARIM[[#This Row],[גיל]]>62),'[2]ריכוז נתונים'!$AB$2,0)) -> 7500 | Y21: =IF(HEVARIM[[#This Row],[מצב משפחתי2]]="אלמן",'[2]ריכוז נתונים'!$AC$2,0) -> 0 | Z21: =VLOOKUP(VALUE(HEVARIM[[#This Row],[קוד מעמד]]),הנחות!$I$2:$K$21,3,0) -> 0 | AA21: =ISERROR(VLOOKUP(HEVARIM[[#This Row],[קוד תקציב]],'[2]ריכוז נתונים'!A:A,1,0)) -> FALSE | AB21: =IF(AND($G21>=AC$2,$G21<=AC$3,$E21="ז ",$Z21=1),AC$4*(($G21-AC$2)/(AC$3-AC$2)),0) -> 0 | AC21: =IF(HEVARIM[[#This Row],[בר מצוה]]>0,YEAR(TODAY())+'תקציבים מיוחדים'!$F$5-HEVARIM[[#This Row],[גיל]],0) -> 0 | AD21: =IF(AND($G21>=AE$2,$G21<=AE$3,$E21="נ ",$Z21=1),AE$4*(($G21-AE$2)/(AE$3-AE$2)),0) -> 0 | AE21: =IF(HEVARIM[[#This Row],[בת מצוה]]>0,YEAR(TODAY())+'תקציבים מיוחדים'!$F$5-HEVARIM[[#This Row],[גיל]],0) -> 0 | AF21: =IF(AND($S21>="רווק",$Z21=1),AF$4*IF(HEVARIM[[#This Row],[גיל]]>$AF$3,1,(($G21-AF$2)/(AF$3-AF$2))),0) -> 0 | AG21: =IF(HEVARIM[[#This Row],[מענק חתונה]]>0,IF(HEVARIM[[#This Row],[גיל]]>'תקציבים מיוחדים'!$F$6,2025,YEAR(TODAY())+'תקציבים מיוחדים'!$F$6-HEVARIM[[#This Row],[גיל]]),0) -> 0 | AH21: =IF(AND($G21>=AI$2,$G21<=AI$3,$Z21=1),AI$4*(($G21-AI$2)/(AI$3-AI$2)),0) -> 0 | AI21: =IF(AH21>0,YEAR(TODAY())+'תקציבים מיוחדים'!$F$7-HEVARIM[[#This Row],[גיל]],0) -> 0 | AJ21: =IF(AND(ISERROR(VLOOKUP(H21,'[2]ריכוז נתונים'!A:L,1,0)),P21="1 "),1,0) -> 0 | AK21: =IF(VALUE(HEVARIM[[#This Row],[קוד מעמד]])=1,VLOOKUP((IF(LEFT(HEVARIM[[#This Row],[קוד חבר]],1)="0",HEVARIM[[#This Row],[קוד חבר]],VALUE(HEVARIM[[#This Row],[קוד חבר]]))),'ותק חברה 40'!AQ:AW,7,0),"") -> 48 | AL21: =IF(AND(VALUE(HEVARIM[[#This Row],[קוד מעמד]])=1,HEVARIM[[#This Row],[ותק מחברה 40]]<25),HEVARIM[[#This Row],[ותק מחברה 40]]/25*הנחות!$C$4,0) -> 0 | AM21: =IF(HEVARIM[[#This Row],[דמי עזיבה 25 שנות ותק]]>0,YEAR(TODAY())+25-ROUNDDOWN(HEVARIM[[#This Row],[ותק מחברה 40]],0),"") | AN21: =IF(AND(VALUE(HEVARIM[[#This Row],[קוד מעמד]])=1,HEVARIM[[#This Row],[ותק מחברה 40]]>25,HEVARIM[[#This Row],[גיל]]<65),הנחות!$C$14+(HEVARIM[[#This Row],[ותק מחברה 40]]-25)*הנחות!$C$10*0.25,0) -> 0 | AO21: =IF(HEVARIM[[#This Row],[דמי עזיבה לגיל 65]]>0,YEAR(TODAY())+64-ROUNDDOWN(HEVARIM[[#This Row],[גיל]],0),"") | AP21: =SUMIF(HEVARIM[קוד תקציב],HEVARIM[[#This Row],[קוד תקציב משפחה מקורי]],HEVARIM[ותק מחברה 40]) -> 48 | AQ21: =IF(AND(HEVARIM[[#This Row],[גיל]]>HEVARIM[[#This Row],[ותק הורים]],OR(HEVARIM[[#This Row],[בר מצוה]]>0,HEVARIM[[#This Row],[בת מצוה]]>0,HEVARIM[[#This Row],[מענק חתונה]]>0,HEVARIM[[#This Row],[מענק לימודים]]>0)),1,0) -> 0 | AR21: =IF(HEVARIM[[#This Row],[קוד מעמד]]="1 ",IFERROR(VLOOKUP(HEVARIM[[#This Row],[קוד תקציב]],'תקציב צביעה - לקראת השינוי'!A:F,6,0),0)/COUNTIFS(HEVARIM[קוד תקציב],HEVARIM[[#This Row],[קוד תקציב]],HEVARIM[קוד מעמד],"1 "),0) -> 2812.5 | AS21: =IF(HEVARIM[[#This Row],[קוד מעמד]]="1 ",IFERROR(VLOOKUP(HEVARIM[[#This Row],[קוד תקציב]],'תקציב צביעה - לקראת השינוי'!A:F,4,0),0),0) -> 2032
A22: 01111 | B22: אמיר מיכה | C22: אמיר | D22: מיכה | E22: ז | F22: 22497 | G22: 64 | H22: 0111 | I22: אמיר מיכה ותמר | J22: פתוח | K22: חבר | L22: 056656085 | M22: 01111 | N22: אמיר מיכה | O22: =IFERROR(VLOOKUP(HEVARIM[[#This Row],[קוד תקציב]],[2]תקציבים!A:L,6,0),0) -> 2 | P22: 1 | Q22: חבר ^חבר | R22: 34275 | S22: נשוי | T22: 0111 | U22: =VLOOKUP(HEVARIM[[#This Row],[גיל]],GIL,2,1) -> -- | V22: =IF(HEVARIM[[#This Row],[קוד מעמד]]="4 ",IF(HEVARIM[[#This Row],[גיל]]=1,1,IF(HEVARIM[[#This Row],[גיל]]<=5,5,18)),"") | W22: =IF(G22<67,0, IF(O22=1, IF(G22>=80,1896-231,1795-231), IF(O22=2, IF(G22>=80,2899-332,2697-332), 0)) ) -> 0 | X22: =IF(AND(HEVARIM[[#This Row],[מין]]="ז ",HEVARIM[[#This Row],[גיל]]>67),'[2]ריכוז נתונים'!$AB$2,IF(AND(HEVARIM[[#This Row],[מין]]="נ ",HEVARIM[[#This Row],[גיל]]>62),'[2]ריכוז נתונים'!$AB$2,0)) -> 0 | Y22: =IF(HEVARIM[[#This Row],[מצב משפחתי2]]="אלמן",'[2]ריכוז נתונים'!$AC$2,0) -> 0 | Z22: =VLOOKUP(VALUE(HEVARIM[[#This Row],[קוד מעמד]]),הנחות!$I$2:$K$21,3,0) -> 0 | AA22: =ISERROR(VLOOKUP(HEVARIM[[#This Row],[קוד תקציב]],'[2]ריכוז נתונים'!A:A,1,0)) -> FALSE | AB22: =IF(AND($G22>=AC$2,$G22<=AC$3,$E22="ז ",$Z22=1),AC$4*(($G22-AC$2)/(AC$3-AC$2)),0) -> 0 | AC22: =IF(HEVARIM[[#This Row],[בר מצוה]]>0,YEAR(TODAY())+'תקציבים מיוחדים'!$F$5-HEVARIM[[#This Row],[גיל]],0) -> 0 | AD22: =IF(AND($G22>=AE$2,$G22<=AE$3,$E22="נ ",$Z22=1),AE$4*(($G22-AE$2)/(AE$3-AE$2)),0) -> 0 | AE22: =IF(HEVARIM[[#This Row],[בת מצוה]]>0,YEAR(TODAY())+'תקציבים מיוחדים'!$F$5-HEVARIM[[#This Row],[גיל]],0) -> 0 | AF22: =IF(AND($S22>="רווק",$Z22=1),AF$4*IF(HEVARIM[[#This Row],[גיל]]>$AF$3,1,(($G22-AF$2)/(AF$3-AF$2))),0) -> 0 | AG22: =IF(HEVARIM[[#This Row],[מענק חתונה]]>0,IF(HEVARIM[[#This Row],[גיל]]>'תקציבים מיוחדים'!$F$6,2025,YEAR(TODAY())+'תקציבים מיוחדים'!$F$6-HEVARIM[[#This Row],[גיל]]),0) -> 0 | AH22: =IF(AND($G22>=AI$2,$G22<=AI$3,$Z22=1),AI$4*(($G22-AI$2)/(AI$3-AI$2)),0) -> 0 | AI22: =IF(AH22>0,YEAR(TODAY())+'תקציבים מיוחדים'!$F$7-HEVARIM[[#This Row],[גיל]],0) -> 0 | AJ22: =IF(AND(ISERROR(VLOOKUP(H22,'[2]ריכוז נתונים'!A:L,1,0)),P22="1 "),1,0) -> 0 | AK22: =IF(VALUE(HEVARIM[[#This Row],[קוד מעמד]])=1,VLOOKUP((IF(LEFT(HEVARIM[[#This Row],[קוד חבר]],1)="0",HEVARIM[[#This Row],[קוד חבר]],VALUE(HEVARIM[[#This Row],[קוד חבר]]))),'ותק חברה 40'!AQ:AW,7,0),"") -> 33.9 | AL22: =IF(AND(VALUE(HEVARIM[[#This Row],[קוד מעמד]])=1,HEVARIM[[#This Row],[ותק מחברה 40]]<25),HEVARIM[[#This Row],[ותק מחברה 40]]/25*הנחות!$C$4,0) -> 0 | AM22: =IF(HEVARIM[[#This Row],[דמי עזיבה 25 שנות ותק]]>0,YEAR(TODAY())+25-ROUNDDOWN(HEVARIM[[#This Row],[ותק מחברה 40]],0),"") | AN22: =IF(AND(VALUE(HEVARIM[[#This Row],[קוד מעמד]])=1,HEVARIM[[#This Row],[ותק מחברה 40]]>25,HEVARIM[[#This Row],[גיל]]<65),הנחות!$C$14+(HEVARIM[[#This Row],[ותק מחברה 40]]-25)*הנחות!$C$10*0.25,0) -> 50671.727 | AO22: =IF(HEVARIM[[#This Row],[דמי עזיבה לגיל 65]]>0,YEAR(TODAY())+64-ROUNDDOWN(HEVARIM[[#This Row],[גיל]],0),"") -> 2026 | AP22: =SUMIF(HEVARIM[קוד תקציב],HEVARIM[[#This Row],[קוד תקציב משפחה מקורי]],HEVARIM[ותק מחברה 40]) -> 75.85 | AQ22: =IF(AND(HEVARIM[[#This Row],[גיל]]>HEVARIM[[#This Row],[ותק הורים]],OR(HEVARIM[[#This Row],[בר מצוה]]>0,HEVARIM[[#This Row],[בת מצוה]]>0,HEVARIM[[#This Row],[מענק חתונה]]>0,HEVARIM[[#This Row],[מענק לימודים]]>0)),1,0) -> 0 | AR22: =IF(HEVARIM[[#This Row],[קוד מעמד]]="1 ",IFERROR(VLOOKUP(HEVARIM[[#This Row],[קוד תקציב]],'תקציב צביעה - לקראת השינוי'!A:F,6,0),0)/COUNTIFS(HEVARIM[קוד תקציב],HEVARIM[[#This Row],[קוד תקציב]],HEVARIM[קוד מעמד],"1 "),0) -> 2812.5 | AS22: =IF(HEVARIM[[#This Row],[קוד מעמד]]="1 ",IFERROR(VLOOKUP(HEVARIM[[#This Row],[קוד תקציב]],'תקציב צביעה - לקראת השינוי'!A:F,4,0),0),0) -> 2029
A23: 01112 | B23: אמיר תמר | C23: אמיר | D23: תמר | E23: נ | F23: 23047 | G23: 62 | H23: 0111 | I23: אמיר מיכה ותמר | J23: פתוח | K23: חבר | L23: 057780108 | M23: 01111 | N23: אמיר מיכה | O23: =IFERROR(VLOOKUP(HEVARIM[[#This Row],[קוד תקציב]],[2]תקציבים!A:L,6,0),0) -> 2 | P23: 1 | Q23: חבר ^חבר | R23: 33527 | S23: נשוי | T23: 0111 | U23: =VLOOKUP(HEVARIM[[#This Row],[גיל]],GIL,2,1) -> -- | V23: =IF(HEVARIM[[#This Row],[קוד מעמד]]="4 ",IF(HEVARIM[[#This Row],[גיל]]=1,1,IF(HEVARIM[[#This Row],[גיל]]<=5,5,18)),"") | W23: =IF(G23<67,0, IF(O23=1, IF(G23>=80,1896-231,1795-231), IF(O23=2, IF(G23>=80,2899-332,2697-332), 0)) ) -> 0 | X23: =IF(AND(HEVARIM[[#This Row],[מין]]="ז ",HEVARIM[[#This Row],[גיל]]>67),'[2]ריכוז נתונים'!$AB$2,IF(AND(HEVARIM[[#This Row],[מין]]="נ ",HEVARIM[[#This Row],[גיל]]>62),'[2]ריכוז נתונים'!$AB$2,0)) -> 0 | Y23: =IF(HEVARIM[[#This Row],[מצב משפחתי2]]="אלמן",'[2]ריכוז נתונים'!$AC$2,0) -> 0 | Z23: =VLOOKUP(VALUE(HEVARIM[[#This Row],[קוד מעמד]]),הנחות!$I$2:$K$21,3,0) -> 0 | AA23: =ISERROR(VLOOKUP(HEVARIM[[#This Row],[קוד תקציב]],'[2]ריכוז נתונים'!A:A,1,0)) -> FALSE | AB23: =IF(AND($G23>=AC$2,$G23<=AC$3,$E23="ז ",$Z23=1),AC$4*(($G23-AC$2)/(AC$3-AC$2)),0) -> 0 | AC23: =IF(HEVARIM[[#This Row],[בר מצוה]]>0,YEAR(TODAY())+'תקציבים מיוחדים'!$F$5-HEVARIM[[#This Row],[גיל]],0) -> 0 | AD23: =IF(AND($G23>=AE$2,$G23<=AE$3,$E23="נ ",$Z23=1),AE$4*(($G23-AE$2)/(AE$3-AE$2)),0) -> 0 | AE23: =IF(HEVARIM[[#This Row],[בת מצוה]]>0,YEAR(TODAY())+'תקציבים מיוחדים'!$F$5-HEVARIM[[#This Row],[גיל]],0) -> 0 | AF23: =IF(AND($S23>="רווק",$Z23=1),AF$4*IF(HEVARIM[[#This Row],[גיל]]>$AF$3,1,(($G23-AF$2)/(AF$3-AF$2))),0) -> 0 | AG23: =IF(HEVARIM[[#This Row],[מענק חתונה]]>0,IF(HEVARIM[[#This Row],[גיל]]>'תקציבים מיוחדים'!$F$6,2025,YEAR(TODAY())+'תקציבים מיוחדים'!$F$6-HEVARIM[[#This Row],[גיל]]),0) -> 0 | AH23: =IF(AND($G23>=AI$2,$G23<=AI$3,$Z23=1),AI$4*(($G23-AI$2)/(AI$3-AI$2)),0) -> 0 | AI23: =IF(AH23>0,YEAR(TODAY())+'תקציבים מיוחדים'!$F$7-HEVARIM[[#This Row],[גיל]],0) -> 0 | AJ23: =IF(AND(ISERROR(VLOOKUP(H23,'[2]ריכוז נתונים'!A:L,1,0)),P23="1 "),1,0) -> 0 | AK23: =IF(VALUE(HEVARIM[[#This Row],[קוד מעמד]])=1,VLOOKUP((IF(LEFT(HEVARIM[[#This Row],[קוד חבר]],1)="0",HEVARIM[[#This Row],[קוד חבר]],VALUE(HEVARIM[[#This Row],[קוד חבר]]))),'ותק חברה 40'!AQ:AW,7,0),"") -> 41.95 | AL23: =IF(AND(VALUE(HEVARIM[[#This Row],[קוד מעמד]])=1,HEVARIM[[#This Row],[ותק מחברה 40]]<25),HEVARIM[[#This Row],[ותק מחברה 40]]/25*הנחות!$C$4,0) -> 0 | AM23: =IF(HEVARIM[[#This Row],[דמי עזיבה 25 שנות ותק]]>0,YEAR(TODAY())+25-ROUNDDOWN(HEVARIM[[#This Row],[ותק מחברה 40]],0),"") | AN23: =IF(AND(VALUE(HEVARIM[[#This Row],[קוד מעמד]])=1,HEVARIM[[#This Row],[ותק מחברה 40]]>25,HEVARIM[[#This Row],[גיל]]<65),הנחות!$C$14+(HEVARIM[[#This Row],[ותק מחברה 40]]-25)*הנחות!$C$10*0.25,0) -> 72254.129 | AO23: =IF(HEVARIM[[#This Row],[דמי עזיבה לגיל 65]]>0,YEAR(TODAY())+64-ROUNDDOWN(HEVARIM[[#This Row],[גיל]],0),"") -> 2028 | AP23: =SUMIF(HEVARIM[קוד תקציב],HEVARIM[[#This Row],[קוד תקציב משפחה מקורי]],HEVARIM[ותק מחברה 40]) -> 75.85 | AQ23: =IF(AND(HEVARIM[[#This Row],[גיל]]>HEVARIM[[#This Row],[ותק הורים]],OR(HEVARIM[[#This Row],[בר מצוה]]>0,HEVARIM[[#This Row],[בת מצוה]]>0,HEVARIM[[#This Row],[מענק חתונה]]>0,HEVARIM[[#This Row],[מענק לימודים]]>0)),1,0) -> 0 | AR23: =IF(HEVARIM[[#This Row],[קוד מעמד]]="1 ",IFERROR(VLOOKUP(HEVARIM[[#This Row],[קוד תקציב]],'תקציב צביעה - לקראת השינוי'!A:F,6,0),0)/COUNTIFS(HEVARIM[קוד תקציב],HEVARIM[[#This Row],[קוד תקציב]],HEVARIM[קוד מעמד],"1 "),0) -> 2812.5 | AS23: =IF(HEVARIM[[#This Row],[קוד מעמד]]="1 ",IFERROR(VLOOKUP(HEVARIM[[#This Row],[קוד תקציב]],'תקציב צביעה - לקראת השינוי'!A:F,4,0),0),0) -> 2029
A24: 01492 | B24: אמיר מורן | C24: אמיר | D24: מורן | E24: נ | F24: 35638 | G24: 28 | H24: 0149 | I24: אמיר מורן | J24: פתוח | K24: תושב לגביה | L24: 318234010 | M24: 01492 | N24: אמיר מורן | O24: =IFERROR(VLOOKUP(HEVARIM[[#This Row],[קוד תקציב]],[2]תקציבים!A:L,6,0),0) -> 0 | P24: 35 | Q24: מסלול צעירים -עד גיל 03 | R24: 44562 | S24: רווק | T24: 0111 | U24: =VLOOKUP(HEVARIM[[#This Row],[גיל]],GIL,2,1) -> -- | V24: =IF(HEVARIM[[#This Row],[קוד מעמד]]="4 ",IF(HEVARIM[[#This Row],[גיל]]=1,1,IF(HEVARIM[[#This Row],[גיל]]<=5,5,18)),"") | W24: =IF(G24<67,0, IF(O24=1, IF(G24>=80,1896-231,1795-231), IF(O24=2, IF(G24>=80,2899-332,2697-332), 0)) ) -> 0 | X24: =IF(AND(HEVARIM[[#This Row],[מין]]="ז ",HEVARIM[[#This Row],[גיל]]>67),'[2]ריכוז נתונים'!$AB$2,IF(AND(HEVARIM[[#This Row],[מין]]="נ ",HEVARIM[[#This Row],[גיל]]>62),'[2]ריכוז נתונים'!$AB$2,0)) -> 0 | Y24: =IF(HEVARIM[[#This Row],[מצב משפחתי2]]="אלמן",'[2]ריכוז נתונים'!$AC$2,0) -> 0 | Z24: =VLOOKUP(VALUE(HEVARIM[[#This Row],[קוד מעמד]]),הנחות!$I$2:$K$21,3,0) -> 1 | AA24: =ISERROR(VLOOKUP(HEVARIM[[#This Row],[קוד תקציב]],'[2]ריכוז נתונים'!A:A,1,0)) -> TRUE | AB24: =IF(AND($G24>=AC$2,$G24<=AC$3,$E24="ז ",$Z24=1),AC$4*(($G24-AC$2)/(AC$3-AC$2)),0) -> 0 | AC24: =IF(HEVARIM[[#This Row],[בר מצוה]]>0,YEAR(TODAY())+'תקציבים מיוחדים'!$F$5-HEVARIM[[#This Row],[גיל]],0) -> 0 | AD24: =IF(AND($G24>=AE$2,$G24<=AE$3,$E24="נ ",$Z24=1),AE$4*(($G24-AE$2)/(AE$3-AE$2)),0) -> 0 | AE24: =IF(HEVARIM[[#This Row],[בת מצוה]]>0,YEAR(TODAY())+'תקציבים מיוחדים'!$F$5-HEVARIM[[#This Row],[גיל]],0) -> 0 | AF24: =IF(AND($S24>="רווק",$Z24=1),AF$4*IF(HEVARIM[[#This Row],[גיל]]>$AF$3,1,(($G24-AF$2)/(AF$3-AF$2))),0) -> 60512.5 | AG24: =IF(HEVARIM[[#This Row],[מענק חתונה]]>0,IF(HEVARIM[[#This Row],[גיל]]>'תקציבים מיוחדים'!$F$6,2025,YEAR(TODAY())+'תקציבים מיוחדים'!$F$6-HEVARIM[[#This Row],[גיל]]),0) -> 2025 | AH24: =IF(AND($G24>=AI$2,$G24<=AI$3,$Z24=1),AI$4*(($G24-AI$2)/(AI$3-AI$2)),0) -> 0 | AI24: =IF(AH24>0,YEAR(TODAY())+'תקציבים מיוחדים'!$F$7-HEVARIM[[#This Row],[גיל]],0) -> 0 | AJ24: =IF(AND(ISERROR(VLOOKUP(H24,'[2]ריכוז נתונים'!A:L,1,0)),P24="1 "),1,0) -> 0 | AK24: =IF(VALUE(HEVARIM[[#This Row],[קוד מעמד]])=1,VLOOKUP((IF(LEFT(HEVARIM[[#This Row],[קוד חבר]],1)="0",HEVARIM[[#This Row],[קוד חבר]],VALUE(HEVARIM[[#This Row],[קוד חבר]]))),'ותק חברה 40'!AQ:AW,7,0),"") | AL24: =IF(AND(VALUE(HEVARIM[[#This Row],[קוד מעמד]])=1,HEVARIM[[#This Row],[ותק מחברה 40]]<25),HEVARIM[[#This Row],[ותק מחברה 40]]/25*הנחות!$C$4,0) -> 0 | AM24: =IF(HEVARIM[[#This Row],[דמי עזיבה 25 שנות ותק]]>0,YEAR(TODAY())+25-ROUNDDOWN(HEVARIM[[#This Row],[ותק מחברה 40]],0),"") | AN24: =IF(AND(VALUE(HEVARIM[[#This Row],[קוד מעמד]])=1,HEVARIM[[#This Row],[ותק מחברה 40]]>25,HEVARIM[[#This Row],[גיל]]<65),הנחות!$C$14+(HEVARIM[[#This Row],[ותק מחברה 40]]-25)*הנחות!$C$10*0.25,0) -> 0 | AO24: =IF(HEVARIM[[#This Row],[דמי עזיבה לגיל 65]]>0,YEAR(TODAY())+64-ROUNDDOWN(HEVARIM[[#This Row],[גיל]],0),"") | AP24: =SUMIF(HEVARIM[קוד תקציב],HEVARIM[[#This Row],[קוד תקציב משפחה מקורי]],HEVARIM[ותק מחברה 40]) -> 75.85 | AQ24: =IF(AND(HEVARIM[[#This Row],[גיל]]>HEVARIM[[#This Row],[ותק הורים]],OR(HEVARIM[[#This Row],[בר מצוה]]>0,HEVARIM[[#This Row],[בת מצוה]]>0,HEVARIM[[#This Row],[מענק חתונה]]>0,HEVARIM[[#This Row],[מענק לימודים]]>0)),1,0) -> 0 | AR24: =IF(HEVARIM[[#This Row],[קוד מעמד]]="1 ",IFERROR(VLOOKUP(HEVARIM[[#This Row],[קוד תקציב]],'תקציב צביעה - לקראת השינוי'!A:F,6,0),0)/COUNTIFS(HEVARIM[קוד תקציב],HEVARIM[[#This Row],[קוד תקציב]],HEVARIM[קוד מעמד],"1 "),0) -> 0 | AS24: =IF(HEVARIM[[#This Row],[קוד מעמד]]="1 ",IFERROR(VLOOKUP(HEVARIM[[#This Row],[קוד תקציב]],'תקציב צביעה - לקראת השינוי'!A:F,4,0),0),0) -> 0
... A79: 19062 | B79: קלוש שלומית | C79: קלוש | D79: שלומית | E79: נ | F79: 20555 | G79: 69 | H79: 1906 | I79: קלוש אריה ושלומית | J79: פתוח | K79: חבר | L79: 054078878 | M79: 19061 | N79: קלוש אריה | O79: =IFERROR(VLOOKUP(HEVARIM[[#This Row],[קוד תקציב]],[2]תקציבים!A:L,6,0),0) -> 2 | P79: 1 | Q79: חבר ^חבר | R79: 33147 | S79: נשוי | T79: 0209 | U79: =VLOOKUP(HEVARIM[[#This Row],[גיל]],GIL,2,1) -> -- | V79: =IF(HEVARIM[[#This Row],[קוד מעמד]]="4 ",IF(HEVARIM[[#This Row],[גיל]]=1,1,IF(HEVARIM[[#This Row],[גיל]]<=5,5,18)),"") | W79: =IF(G79<67,0, IF(O79=1, IF(G79>=80,1896-231,1795-231), IF(O79=2, IF(G79>=80,2899-332,2697-332), 0)) ) -> 2365 | X79: =IF(AND(HEVARIM[[#This Row],[מין]]="ז ",HEVARIM[[#This Row],[גיל]]>67),'[2]ריכוז נתונים'!$AB$2,IF(AND(HEVARIM[[#This Row],[מין]]="נ ",HEVARIM[[#This Row],[גיל]]>62),'[2]ריכוז נתונים'!$AB$2,0)) -> 7500 | Y79: =IF(HEVARIM[[#This Row],[מצב משפחתי2]]="אלמן",'[2]ריכוז נתונים'!$AC$2,0) -> 0 | Z79: =VLOOKUP(VALUE(HEVARIM[[#This Row],[קוד מעמד]]),הנחות!$I$2:$K$21,3,0) -> 0 | AA79: =ISERROR(VLOOKUP(HEVARIM[[#This Row],[קוד תקציב]],'[2]ריכוז נתונים'!A:A,1,0)) -> FALSE | AB79: =IF(AND($G79>=AC$2,$G79<=AC$3,$E79="ז ",$Z79=1),AC$4*(($G79-AC$2)/(AC$3-AC$2)),0) -> 0 | AC79: =IF(HEVARIM[[#This Row],[בר מצוה]]>0,YEAR(TODAY())+'תקציבים מיוחדים'!$F$5-HEVARIM[[#This Row],[גיל]],0) -> 0 | AD79: =IF(AND($G79>=AE$2,$G79<=AE$3,$E79="נ ",$Z79=1),AE$4*(($G79-AE$2)/(AE$3-AE$2)),0) -> 0 | AE79: =IF(HEVARIM[[#This Row],[בת מצוה]]>0,YEAR(TODAY())+'תקציבים מיוחדים'!$F$5-HEVARIM[[#This Row],[גיל]],0) -> 0 | AF79: =IF(AND($S79>="רווק",$Z79=1),AF$4*IF(HEVARIM[[#This Row],[גיל]]>$AF$3,1,(($G79-AF$2)/(AF$3-AF$2))),0) -> 0 | AG79: =IF(HEVARIM[[#This Row],[מענק חתונה]]>0,IF(HEVARIM[[#This Row],[גיל]]>'תקציבים מיוחדים'!$F$6,2025,YEAR(TODAY())+'תקציבים מיוחדים'!$F$6-HEVARIM[[#This Row],[גיל]]),0) -> 0 | AH79: =IF(AND($G79>=AI$2,$G79<=AI$3,$Z79=1),AI$4*(($G79-AI$2)/(AI$3-AI$2)),0) -> 0 | AI79: =IF(AH79>0,YEAR(TODAY())+'תקציבים מיוחדים'!$F$7-HEVARIM[[#This Row],[גיל]],0) -> 0 | AJ79: =IF(AND(ISERROR(VLOOKUP(H79,'[2]ריכוז נתונים'!A:L,1,0)),P79="1 "),1,0) -> 0 | AK79: =IF(VALUE(HEVARIM[[#This Row],[קוד מעמד]])=1,VLOOKUP((IF(LEFT(HEVARIM[[#This Row],[קוד חבר]],1)="0",HEVARIM[[#This Row],[קוד חבר]],VALUE(HEVARIM[[#This Row],[קוד חבר]]))),'ותק חברה 40'!AQ:AW,7,0),"") -> 35.19 | AL79: =IF(AND(VALUE(HEVARIM[[#This Row],[קוד מעמד]])=1,HEVARIM[[#This Row],[ותק מחברה 40]]<25),HEVARIM[[#This Row],[ותק מחברה 40]]/25*הנחות!$C$4,0) -> 0 | AM79: =IF(HEVARIM[[#This Row],[דמי עזיבה 25 שנות ותק]]>0,YEAR(TODAY())+25-ROUNDDOWN(HEVARIM[[#This Row],[ותק מחברה 40]],0),"") | AN79: =IF(AND(VALUE(HEVARIM[[#This Row],[קוד מעמד]])=1,HEVARIM[[#This Row],[ותק מחברה 40]]>25,HEVARIM[[#This Row],[גיל]]<65),הנחות!$C$14+(HEVARIM[[#This Row],[ותק מחברה 40]]-25)*הנחות!$C$10*0.25,0) -> 0 | AO79: =IF(HEVARIM[[#This Row],[דמי עזיבה לגיל 65]]>0,YEAR(TODAY())+64-ROUNDDOWN(HEVARIM[[#This Row],[גיל]],0),"") | AP79: =SUMIF(HEVARIM[קוד תקציב],HEVARIM[[#This Row],[קוד תקציב משפחה מקורי]],HEVARIM[ותק מחברה 40]) -> 0 | AQ79: =IF(AND(HEVARIM[[#This Row],[גיל]]>HEVARIM[[#This Row],[ותק הורים]],OR(HEVARIM[[#This Row],[בר מצוה]]>0,HEVARIM[[#This Row],[בת מצוה]]>0,HEVARIM[[#This Row],[מענק חתונה]]>0,HEVARIM[[#This Row],[מענק לימודים]]>0)),1,0) -> 0 | AR79: =IF(HEVARIM[[#This Row],[קוד מעמד]]="1 ",IFERROR(VLOOKUP(HEVARIM[[#This Row],[קוד תקציב]],'תקציב צביעה - לקראת השינוי'!A:F,6,0),0)/COUNTIFS(HEVARIM[קוד תקציב],HEVARIM[[#This Row],[קוד תקציב]],HEVARIM[קוד מעמד],"1 "),0) -> 2343.75 | AS79: =IF(HEVARIM[[#This Row],[קוד מעמד]]="1 ",IFERROR(VLOOKUP(HEVARIM[[#This Row],[קוד תקציב]],'תקציב צביעה - לקראת השינוי'!A:F,4,0),0),0) -> 2030
A80: 02191 | B80: בשן בנימין | C80: בשן | D80: בנימין | E80: ז | F80: 20066 | G80: 71 | H80: 0219 | I80: בשן בנימין ורחל | J80: פתוח | K80: חבר | L80: 053038089 | M80: 02191 | N80: בשן בנימין | O80: =IFERROR(VLOOKUP(HEVARIM[[#This Row],[קוד תקציב]],[2]תקציבים!A:L,6,0),0) -> 2 | P80: 1 | Q80: חבר ^חבר | R80: 28125 | S80: נשוי | U80: =VLOOKUP(HEVARIM[[#This Row],[גיל]],GIL,2,1) -> -- | V80: =IF(HEVARIM[[#This Row],[קוד מעמד]]="4 ",IF(HEVARIM[[#This Row],[גיל]]=1,1,IF(HEVARIM[[#This Row],[גיל]]<=5,5,18)),"") | W80: =IF(G80<67,0, IF(O80=1, IF(G80>=80,1896-231,1795-231), IF(O80=2, IF(G80>=80,2899-332,2697-332), 0)) ) -> 2365 | X80: =IF(AND(HEVARIM[[#This Row],[מין]]="ז ",HEVARIM[[#This Row],[גיל]]>67),'[2]ריכוז נתונים'!$AB$2,IF(AND(HEVARIM[[#This Row],[מין]]="נ ",HEVARIM[[#This Row],[גיל]]>62),'[2]ריכוז נתונים'!$AB$2,0)) -> 7500 | Y80: =IF(HEVARIM[[#This Row],[מצב משפחתי2]]="אלמן",'[2]ריכוז נתונים'!$AC$2,0) -> 0 | Z80: =VLOOKUP(VALUE(HEVARIM[[#This Row],[קוד מעמד]]),הנחות!$I$2:$K$21,3,0) -> 0 | AA80: =ISERROR(VLOOKUP(HEVARIM[[#This Row],[קוד תקציב]],'[2]ריכוז נתונים'!A:A,1,0)) -> FALSE | AB80: =IF(AND($G80>=AC$2,$G80<=AC$3,$E80="ז ",$Z80=1),AC$4*(($G80-AC$2)/(AC$3-AC$2)),0) -> 0 | AC80: =IF(HEVARIM[[#This Row],[בר מצוה]]>0,YEAR(TODAY())+'תקציבים מיוחדים'!$F$5-HEVARIM[[#This Row],[גיל]],0) -> 0 | AD80: =IF(AND($G80>=AE$2,$G80<=AE$3,$E80="נ ",$Z80=1),AE$4*(($G80-AE$2)/(AE$3-AE$2)),0) -> 0 | AE80: =IF(HEVARIM[[#This Row],[בת מצוה]]>0,YEAR(TODAY())+'תקציבים מיוחדים'!$F$5-HEVARIM[[#This Row],[גיל]],0) -> 0 | AF80: =IF(AND($S80>="רווק",$Z80=1),AF$4*IF(HEVARIM[[#This Row],[גיל]]>$AF$3,1,(($G80-AF$2)/(AF$3-AF$2))),0) -> 0 | AG80: =IF(HEVARIM[[#This Row],[מענק חתונה]]>0,IF(HEVARIM[[#This Row],[גיל]]>'תקציבים מיוחדים'!$F$6,2025,YEAR(TODAY())+'תקציבים מיוחדים'!$F$6-HEVARIM[[#This Row],[גיל]]),0) -> 0 | AH80: =IF(AND($G80>=AI$2,$G80<=AI$3,$Z80=1),AI$4*(($G80-AI$2)/(AI$3-AI$2)),0) -> 0 | AI80: =IF(AH80>0,YEAR(TODAY())+'תקציבים מיוחדים'!$F$7-HEVARIM[[#This Row],[גיל]],0) -> 0 | AJ80: =IF(AND(ISERROR(VLOOKUP(H80,'[2]ריכוז נתונים'!A:L,1,0)),P80="1 "),1,0) -> 0 | AK80: =IF(VALUE(HEVARIM[[#This Row],[קוד מעמד]])=1,VLOOKUP((IF(LEFT(HEVARIM[[#This Row],[קוד חבר]],1)="0",HEVARIM[[#This Row],[קוד חבר]],VALUE(HEVARIM[[#This Row],[קוד חבר]]))),'ותק חברה 40'!AQ:AW,7,0),"") -> 45.26 | AL80: =IF(AND(VALUE(HEVARIM[[#This Row],[קוד מעמד]])=1,HEVARIM[[#This Row],[ותק מחברה 40]]<25),HEVARIM[[#This Row],[ותק מחברה 40]]/25*הנחות!$C$4,0) -> 0 | AM80: =IF(HEVARIM[[#This Row],[דמי עזיבה 25 שנות ותק]]>0,YEAR(TODAY())+25-ROUNDDOWN(HEVARIM[[#This Row],[ותק מחברה 40]],0),"") | AN80: =IF(AND(VALUE(HEVARIM[[#This Row],[קוד מעמד]])=1,HEVARIM[[#This Row],[ותק מחברה 40]]>25,HEVARIM[[#This Row],[גיל]]<65),הנחות!$C$14+(HEVARIM[[#This Row],[ותק מחברה 40]]-25)*הנחות!$C$10*0.25,0) -> 0 | AO80: =IF(HEVARIM[[#This Row],[דמי עזיבה לגיל 65]]>0,YEAR(TODAY())+64-ROUNDDOWN(HEVARIM[[#This Row],[גיל]],0),"") | AP80: =SUMIF(HEVARIM[קוד תקציב],HEVARIM[[#This Row],[קוד תקציב משפחה מקורי]],HEVARIM[ותק מחברה 40]) -> 0 | AQ80: =IF(AND(HEVARIM[[#This Row],[גיל]]>HEVARIM[[#This Row],[ותק הורים]],OR(HEVARIM[[#This Row],[בר מצוה]]>0,HEVARIM[[#This Row],[בת מצוה]]>0,HEVARIM[[#This Row],[מענק חתונה]]>0,HEVARIM[[#This Row],[מענק לימודים]]>0)),1,0) -> 0 | AR80: =IF(HEVARIM[[#This Row],[קוד מעמד]]="1 ",IFERROR(VLOOKUP(HEVARIM[[#This Row],[קוד תקציב]],'תקציב צביעה - לקראת השינוי'!A:F,6,0),0)/COUNTIFS(HEVARIM[קוד תקציב],HEVARIM[[#This Row],[קוד תקציב]],HEVARIM[קוד מעמד],"1 "),0) -> 3281.25 | AS80: =IF(HEVARIM[[#This Row],[קוד מעמד]]="1 ",IFERROR(VLOOKUP(HEVARIM[[#This Row],[קוד תקציב]],'תקציב צביעה - לקראת השינוי'!A:F,4,0),0),0) -> 2028
A81: 02391 | B81: ברודי ניתאי שמעון | C81: ברודי | D81: ניתאי שמעון | E81: ז | F81: 38275 | G81: 21 | H81: 0211 | I81: ברודי נעם וקרן | J81: פתוח | K81: חבר במסב | L81: 214959926 | M81: 02111 | N81: ברודי נועם | O81: =IFERROR(VLOOKUP(HEVARIM[[#This Row],[קוד תקציב]],[2]תקציבים!A:L,6,0),0) -> 2 | P81: 3 | Q81: חייל בשרות חובה | R81: 45519 | S81: רווק | T81: 0211 | U81: =VLOOKUP(HEVARIM[[#This Row],[גיל]],GIL,2,1) -> -- | V81: =IF(HEVARIM[[#This Row],[קוד מעמד]]="4 ",IF(HEVARIM[[#This Row],[גיל]]=1,1,IF(HEVARIM[[#This Row],[גיל]]<=5,5,18)),"") | W81: =IF(G81<67,0, IF(O81=1, IF(G81>=80,1896-231,1795-231), IF(O81=2, IF(G81>=80,2899-332,2697-332), 0)) ) -> 0 | X81: =IF(AND(HEVARIM[[#This Row],[מין]]="ז ",HEVARIM[[#This Row],[גיל]]>67),'[2]ריכוז נתונים'!$AB$2,IF(AND(HEVARIM[[#This Row],[מין]]="נ ",HEVARIM[[#This Row],[גיל]]>62),'[2]ריכוז נתונים'!$AB$2,0)) -> 0 | Y81: =IF(HEVARIM[[#This Row],[מצב משפחתי2]]="אלמן",'[2]ריכוז נתונים'!$AC$2,0) -> 0 | Z81: =VLOOKUP(VALUE(HEVARIM[[#This Row],[קוד מעמד]]),הנחות!$I$2:$K$21,3,0) -> 1 | AA81: =ISERROR(VLOOKUP(HEVARIM[[#This Row],[קוד תקציב]],'[2]ריכוז נתונים'!A:A,1,0)) -> FALSE | AB81: =IF(AND($G81>=AC$2,$G81<=AC$3,$E81="ז ",$Z81=1),AC$4*(($G81-AC$2)/(AC$3-AC$2)),0) -> 0 | AC81: =IF(HEVARIM[[#This Row],[בר מצוה]]>0,YEAR(TODAY())+'תקציבים מיוחדים'!$F$5-HEVARIM[[#This Row],[גיל]],0) -> 0 | AD81: =IF(AND($G81>=AE$2,$G81<=AE$3,$E81="נ ",$Z81=1),AE$4*(($G81-AE$2)/(AE$3-AE$2)),0) -> 0 | AE81: =IF(HEVARIM[[#This Row],[בת מצוה]]>0,YEAR(TODAY())+'תקציבים מיוחדים'!$F$5-HEVARIM[[#This Row],[גיל]],0) -> 0 | AF81: =IF(AND($S81>="רווק",$Z81=1),AF$4*IF(HEVARIM[[#This Row],[גיל]]>$AF$3,1,(($G81-AF$2)/(AF$3-AF$2))),0) -> 60512.5 | AG81: =IF(HEVARIM[[#This Row],[מענק חתונה]]>0,IF(HEVARIM[[#This Row],[גיל]]>'תקציבים מיוחדים'!$F$6,2025,YEAR(TODAY())+'תקציבים מיוחדים'!$F$6-HEVARIM[[#This Row],[גיל]]),0) -> 2026 | AH81: =IF(AND($G81>=AI$2,$G81<=AI$3,$Z81=1),AI$4*(($G81-AI$2)/(AI$3-AI$2)),0) -> 105588.5 | AI81: =IF(AH81>0,YEAR(TODAY())+'תקציבים מיוחדים'!$F$7-HEVARIM[[#This Row],[גיל]],0) -> 2026 | AJ81: =IF(AND(ISERROR(VLOOKUP(H81,'[2]ריכוז נתונים'!A:L,1,0)),P81="1 "),1,0) -> 0 | AK81: =IF(VALUE(HEVARIM[[#This Row],[קוד מעמד]])=1,VLOOKUP((IF(LEFT(HEVARIM[[#This Row],[קוד חבר]],1)="0",HEVARIM[[#This Row],[קוד חבר]],VALUE(HEVARIM[[#This Row],[קוד חבר]]))),'ותק חברה 40'!AQ:AW,7,0),"") | AL81: =IF(AND(VALUE(HEVARIM[[#This Row],[קוד מעמד]])=1,HEVARIM[[#This Row],[ותק מחברה 40]]<25),HEVARIM[[#This Row],[ותק מחברה 40]]/25*הנחות!$C$4,0) -> 0 | AM81: =IF(HEVARIM[[#This Row],[דמי עזיבה 25 שנות ותק]]>0,YEAR(TODAY())+25-ROUNDDOWN(HEVARIM[[#This Row],[ותק מחברה 40]],0),"") | AN81: =IF(AND(VALUE(HEVARIM[[#This Row],[קוד מעמד]])=1,HEVARIM[[#This Row],[ותק מחברה 40]]>25,HEVARIM[[#This Row],[גיל]]<65),הנחות!$C$14+(HEVARIM[[#This Row],[ותק מחברה 40]]-25)*הנחות!$C$10*0.25,0) -> 0 | AO81: =IF(HEVARIM[[#This Row],[דמי עזיבה לגיל 65]]>0,YEAR(TODAY())+64-ROUNDDOWN(HEVARIM[[#This Row],[גיל]],0),"") | AP81: =SUMIF(HEVARIM[קוד תקציב],HEVARIM[[#This Row],[קוד תקציב משפחה מקורי]],HEVARIM[ותק מחברה 40]) -> 31.36 | AQ81: =IF(AND(HEVARIM[[#This Row],[גיל]]>HEVARIM[[#This Row],[ותק הורים]],OR(HEVARIM[[#This Row],[בר מצוה]]>0,HEVARIM[[#This Row],[בת מצוה]]>0,HEVARIM[[#This Row],[מענק חתונה]]>0,HEVARIM[[#This Row],[מענק לימודים]]>0)),1,0) -> 0 | AR81: =IF(HEVARIM[[#This Row],[קוד מעמד]]="1 ",IFERROR(VLOOKUP(HEVARIM[[#This Row],[קוד תקציב]],'תקציב צביעה - לקראת השינוי'!A:F,6,0),0)/COUNTIFS(HEVARIM[קוד תקציב],HEVARIM[[#This Row],[קוד תקציב]],HEVARIM[קוד מעמד],"1 "),0) -> 0 | AS81: =IF(HEVARIM[[#This Row],[קוד מעמד]]="1 ",IFERROR(VLOOKUP(HEVARIM[[#This Row],[קוד תקציב]],'תקציב צביעה - לקראת השינוי'!A:F,4,0),0),0) -> 0
A82: 02281 | B82: ברודי גיא | C82: ברודי | D82: גיא | E82: ז | F82: 39208 | G82: 18 | H82: 0211 | I82: ברודי נעם וקרן | J82: פתוח | K82: חבר במסב | L82: 216789438 | M82: 02111 | N82: ברודי נועם | O82: =IFERROR(VLOOKUP(HEVARIM[[#This Row],[קוד תקציב]],[2]תקציבים!A:L,6,0),0) -> 2 | P82: 18 | Q82: בן/בת לימוד תורני ^מועמד | R82: 45901 | S82: רווק | T82: 0211 | U82: =VLOOKUP(HEVARIM[[#This Row],[גיל]],GIL,2,1) -> -- | V82: =IF(HEVARIM[[#This Row],[קוד מעמד]]="4 ",IF(HEVARIM[[#This Row],[גיל]]=1,1,IF(HEVARIM[[#This Row],[גיל]]<=5,5,18)),"") | W82: =IF(G82<67,0, IF(O82=1, IF(G82>=80,1896-231,1795-231), IF(O82=2, IF(G82>=80,2899-332,2697-332), 0)) ) -> 0 | X82: =IF(AND(HEVARIM[[#This Row],[מין]]="ז ",HEVARIM[[#This Row],[גיל]]>67),'[2]ריכוז נתונים'!$AB$2,IF(AND(HEVARIM[[#This Row],[מין]]="נ ",HEVARIM[[#This Row],[גיל]]>62),'[2]ריכוז נתונים'!$AB$2,0)) -> 0 | Y82: =IF(HEVARIM[[#This Row],[מצב משפחתי2]]="אלמן",'[2]ריכוז נתונים'!$AC$2,0) -> 0 | Z82: =VLOOKUP(VALUE(HEVARIM[[#This Row],[קוד מעמד]]),הנחות!$I$2:$K$21,3,0) -> 1 | AA82: =ISERROR(VLOOKUP(HEVARIM[[#This Row],[קוד תקציב]],'[2]ריכוז נתונים'!A:A,1,0)) -> FALSE | AB82: =IF(AND($G82>=AC$2,$G82<=AC$3,$E82="ז ",$Z82=1),AC$4*(($G82-AC$2)/(AC$3-AC$2)),0) -> 0 | AC82: =IF(HEVARIM[[#This Row],[בר מצוה]]>0,YEAR(TODAY())+'תקציבים מיוחדים'!$F$5-HEVARIM[[#This Row],[גיל]],0) -> 0 | AD82: =IF(AND($G82>=AE$2,$G82<=AE$3,$E82="נ ",$Z82=1),AE$4*(($G82-AE$2)/(AE$3-AE$2)),0) -> 0 | AE82: =IF(HEVARIM[[#This Row],[בת מצוה]]>0,YEAR(TODAY())+'תקציבים מיוחדים'!$F$5-HEVARIM[[#This Row],[גיל]],0) -> 0 | AF82: =IF(AND($S82>="רווק",$Z82=1),AF$4*IF(HEVARIM[[#This Row],[גיל]]>$AF$3,1,(($G82-AF$2)/(AF$3-AF$2))),0) -> 51867.857 | AG82: =IF(HEVARIM[[#This Row],[מענק חתונה]]>0,IF(HEVARIM[[#This Row],[גיל]]>'תקציבים מיוחדים'!$F$6,2025,YEAR(TODAY())+'תקציבים מיוחדים'!$F$6-HEVARIM[[#This Row],[גיל]]),0) -> 2029 | AH82: =IF(AND($G82>=AI$2,$G82<=AI$3,$Z82=1),AI$4*(($G82-AI$2)/(AI$3-AI$2)),0) -> 90504.429 | AI82: =IF(AH82>0,YEAR(TODAY())+'תקציבים מיוחדים'!$F$7-HEVARIM[[#This Row],[גיל]],0) -> 2029 | AJ82: =IF(AND(ISERROR(VLOOKUP(H82,'[2]ריכוז נתונים'!A:L,1,0)),P82="1 "),1,0) -> 0 | AK82: =IF(VALUE(HEVARIM[[#This Row],[קוד מעמד]])=1,VLOOKUP((IF(LEFT(HEVARIM[[#This Row],[קוד חבר]],1)="0",HEVARIM[[#This Row],[קוד חבר]],VALUE(HEVARIM[[#This Row],[קוד חבר]]))),'ותק חברה 40'!AQ:AW,7,0),"") | AL82: =IF(AND(VALUE(HEVARIM[[#This Row],[קוד מעמד]])=1,HEVARIM[[#This Row],[ותק מחברה 40]]<25),HEVARIM[[#This Row],[ותק מחברה 40]]/25*הנחות!$C$4,0) -> 0 | AM82: =IF(HEVARIM[[#This Row],[דמי עזיבה 25 שנות ותק]]>0,YEAR(TODAY())+25-ROUNDDOWN(HEVARIM[[#This Row],[ותק מחברה 40]],0),"") | AN82: =IF(AND(VALUE(HEVARIM[[#This Row],[קוד מעמד]])=1,HEVARIM[[#This Row],[ותק מחברה 40]]>25,HEVARIM[[#This Row],[גיל]]<65),הנחות!$C$14+(HEVARIM[[#This Row],[ותק מחברה 40]]-25)*הנחות!$C$10*0.25,0) -> 0 | AO82: =IF(HEVARIM[[#This Row],[דמי עזיבה לגיל 65]]>0,YEAR(TODAY())+64-ROUNDDOWN(HEVARIM[[#This Row],[גיל]],0),"") | AP82: =SUMIF(HEVARIM[קוד תקציב],HEVARIM[[#This Row],[קוד תקציב משפחה מקורי]],HEVARIM[ותק מחברה 40]) -> 31.36 | AQ82: =IF(AND(HEVARIM[[#This Row],[גיל]]>HEVARIM[[#This Row],[ותק הורים]],OR(HEVARIM[[#This Row],[בר מצוה]]>0,HEVARIM[[#This Row],[בת מצוה]]>0,HEVARIM[[#This Row],[מענק חתונה]]>0,HEVARIM[[#This Row],[מענק לימודים]]>0)),1,0) -> 0 | AR82: =IF(HEVARIM[[#This Row],[קוד מעמד]]="1 ",IFERROR(VLOOKUP(HEVARIM[[#This Row],[קוד תקציב]],'תקציב צביעה - לקראת השינוי'!A:F,6,0),0)/COUNTIFS(HEVARIM[קוד תקציב],HEVARIM[[#This Row],[קוד תקציב]],HEVARIM[קוד מעמד],"1 "),0) -> 0 | AS82: =IF(HEVARIM[[#This Row],[קוד מעמד]]="1 ",IFERROR(VLOOKUP(HEVARIM[[#This Row],[קוד תקציב]],'תקציב צביעה - לקראת השינוי'!A:F,4,0),0),0) -> 0
A83: 02112 | B83: ברודי קרן | C83: ברודי | D83: קרן | E83: נ | F83: 27356 | G83: 51 | H83: 0211 | I83: ברודי נעם וקרן | J83: פתוח | K83: חבר במסב | L83: 031880529 | M83: 02111 | N83: ברודי נועם | O83: =IFERROR(VLOOKUP(HEVARIM[[#This Row],[קוד תקציב]],[2]תקציבים!A:L,6,0),0) -> 2 | P83: 1 | Q83: חבר ^חבר | R83: 40806 | S83: נשוי | T83: 0211 | U83: =VLOOKUP(HEVARIM[[#This Row],[גיל]],GIL,2,1) -> -- | V83: =IF(HEVARIM[[#This Row],[קוד מעמד]]="4 ",IF(HEVARIM[[#This Row],[גיל]]=1,1,IF(HEVARIM[[#This Row],[גיל]]<=5,5,18)),"") | W83: =IF(G83<67,0, IF(O83=1, IF(G83>=80,1896-231,1795-231), IF(O83=2, IF(G83>=80,2899-332,2697-332), 0)) ) -> 0 | X83: =IF(AND(HEVARIM[[#This Row],[מין]]="ז ",HEVARIM[[#This Row],[גיל]]>67),'[2]ריכוז נתונים'!$AB$2,IF(AND(HEVARIM[[#This Row],[מין]]="נ ",HEVARIM[[#This Row],[גיל]]>62),'[2]ריכוז נתונים'!$AB$2,0)) -> 0 | Y83: =IF(HEVARIM[[#This Row],[מצב משפחתי2]]="אלמן",'[2]ריכוז נתונים'!$AC$2,0) -> 0 | Z83: =VLOOKUP(VALUE(HEVARIM[[#This Row],[קוד מעמד]]),הנחות!$I$2:$K$21,3,0) -> 0 | AA83: =ISERROR(VLOOKUP(HEVARIM[[#This Row],[קוד תקציב]],'[2]ריכוז נתונים'!A:A,1,0)) -> FALSE | AB83: =IF(AND($G83>=AC$2,$G83<=AC$3,$E83="ז ",$Z83=1),AC$4*(($G83-AC$2)/(AC$3-AC$2)),0) -> 0 | AC83: =IF(HEVARIM[[#This Row],[בר מצוה]]>0,YEAR(TODAY())+'תקציבים מיוחדים'!$F$5-HEVARIM[[#This Row],[גיל]],0) -> 0 | AD83: =IF(AND($G83>=AE$2,$G83<=AE$3,$E83="נ ",$Z83=1),AE$4*(($G83-AE$2)/(AE$3-AE$2)),0) -> 0 | AE83: =IF(HEVARIM[[#This Row],[בת מצוה]]>0,YEAR(TODAY())+'תקציבים מיוחדים'!$F$5-HEVARIM[[#This Row],[גיל]],0) -> 0 | AF83: =IF(AND($S83>="רווק",$Z83=1),AF$4*IF(HEVARIM[[#This Row],[גיל]]>$AF$3,1,(($G83-AF$2)/(AF$3-AF$2))),0) -> 0 | AG83: =IF(HEVARIM[[#This Row],[מענק חתונה]]>0,IF(HEVARIM[[#This Row],[גיל]]>'תקציבים מיוחדים'!$F$6,2025,YEAR(TODAY())+'תקציבים מיוחדים'!$F$6-HEVARIM[[#This Row],[גיל]]),0) -> 0 | AH83: =IF(AND($G83>=AI$2,$G83<=AI$3,$Z83=1),AI$4*(($G83-AI$2)/(AI$3-AI$2)),0) -> 0 | AI83: =IF(AH83>0,YEAR(TODAY())+'תקציבים מיוחדים'!$F$7-HEVARIM[[#This Row],[גיל]],0) -> 0 | AJ83: =IF(AND(ISERROR(VLOOKUP(H83,'[2]ריכוז נתונים'!A:L,1,0)),P83="1 "),1,0) -> 0 | AK83: =IF(VALUE(HEVARIM[[#This Row],[קוד מעמד]])=1,VLOOKUP((IF(LEFT(HEVARIM[[#This Row],[קוד חבר]],1)="0",HEVARIM[[#This Row],[קוד חבר]],VALUE(HEVARIM[[#This Row],[קוד חבר]]))),'ותק חברה 40'!AQ:AW,7,0),"") -> 15.68 | AL83: =IF(AND(VALUE(HEVARIM[[#This Row],[קוד מעמד]])=1,HEVARIM[[#This Row],[ותק מחברה 40]]<25),HEVARIM[[#This Row],[ותק מחברה 40]]/25*הנחות!$C$4,0) -> 23541.709 | AM83: =IF(HEVARIM[[#This Row],[דמי עזיבה 25 שנות ותק]]>0,YEAR(TODAY())+25-ROUNDDOWN(HEVARIM[[#This Row],[ותק מחברה 40]],0),"") -> 2036 | AN83: =IF(AND(VALUE(HEVARIM[[#This Row],[קוד מעמד]])=1,HEVARIM[[#This Row],[ותק מחברה 40]]>25,HEVARIM[[#This Row],[גיל]]<65),הנחות!$C$14+(HEVARIM[[#This Row],[ותק מחברה 40]]-25)*הנחות!$C$10*0.25,0) -> 0 | AO83: =IF(HEVARIM[[#This Row],[דמי עזיבה לגיל 65]]>0,YEAR(TODAY())+64-ROUNDDOWN(HEVARIM[[#This Row],[גיל]],0),"") | AP83: =SUMIF(HEVARIM[קוד תקציב],HEVARIM[[#This Row],[קוד תקציב משפחה מקורי]],HEVARIM[ותק מחברה 40]) -> 31.36 | AQ83: =IF(AND(HEVARIM[[#This Row],[גיל]]>HEVARIM[[#This Row],[ותק הורים]],OR(HEVARIM[[#This Row],[בר מצוה]]>0,HEVARIM[[#This Row],[בת מצוה]]>0,HEVARIM[[#This Row],[מענק חתונה]]>0,HEVARIM[[#This Row],[מענק לימודים]]>0)),1,0) -> 0 | AR83: =IF(HEVARIM[[#This Row],[קוד מעמד]]="1 ",IFERROR(VLOOKUP(HEVARIM[[#This Row],[קוד תקציב]],'תקציב צביעה - לקראת השינוי'!A:F,6,0),0)/COUNTIFS(HEVARIM[קוד תקציב],HEVARIM[[#This Row],[קוד תקציב]],HEVARIM[קוד מעמד],"1 "),0) -> 1406.25 | AS83: =IF(HEVARIM[[#This Row],[קוד מעמד]]="1 ",IFERROR(VLOOKUP(HEVARIM[[#This Row],[קוד תקציב]],'תקציב צביעה - לקראת השינוי'!A:F,4,0),0),0) -> 2032
A84: 02115 | B84: ברודי רועי | C84: ברודי | D84: רועי | E84: ז | F84: 40832 | G84: 14 | H84: 0211 | I84: ברודי נעם וקרן | J84: פתוח | K84: חבר במסב | L84: 219041050 | M84: 02111 | N84: ברודי נועם | O84: =IFERROR(VLOOKUP(HEVARIM[[#This Row],[קוד תקציב]],[2]תקציבים!A:L,6,0),0) -> 2 | P84: 4 | Q84: ילד | R84: 40832 | S84: רווק | T84: 0211 | U84: =VLOOKUP(HEVARIM[[#This Row],[גיל]],GIL,2,1) -> חטיבה | V84: =IF(HEVARIM[[#This Row],[קוד מעמד]]="4 ",IF(HEVARIM[[#This Row],[גיל]]=1,1,IF(HEVARIM[[#This Row],[גיל]]<=5,5,18)),"") -> 18 | W84: =IF(G84<67,0, IF(O84=1, IF(G84>=80,1896-231,1795-231), IF(O84=2, IF(G84>=80,2899-332,2697-332), 0)) ) -> 0 | X84: =IF(AND(HEVARIM[[#This Row],[מין]]="ז ",HEVARIM[[#This Row],[גיל]]>67),'[2]ריכוז נתונים'!$AB$2,IF(AND(HEVARIM[[#This Row],[מין]]="נ ",HEVARIM[[#This Row],[גיל]]>62),'[2]ריכוז נתונים'!$AB$2,0)) -> 0 | Y84: =IF(HEVARIM[[#This Row],[מצב משפחתי2]]="אלמן",'[2]ריכוז נתונים'!$AC$2,0) -> 0 | Z84: =VLOOKUP(VALUE(HEVARIM[[#This Row],[קוד מעמד]]),הנחות!$I$2:$K$21,3,0) -> 1 | AA84: =ISERROR(VLOOKUP(HEVARIM[[#This Row],[קוד תקציב]],'[2]ריכוז נתונים'!A:A,1,0)) -> FALSE | AB84: =IF(AND($G84>=AC$2,$G84<=AC$3,$E84="ז ",$Z84=1),AC$4*(($G84-AC$2)/(AC$3-AC$2)),0) -> 0 | AC84: =IF(HEVARIM[[#This Row],[בר מצוה]]>0,YEAR(TODAY())+'תקציבים מיוחדים'!$F$5-HEVARIM[[#This Row],[גיל]],0) -> 0 | AD84: =IF(AND($G84>=AE$2,$G84<=AE$3,$E84="נ ",$Z84=1),AE$4*(($G84-AE$2)/(AE$3-AE$2)),0) -> 0 | AE84: =IF(HEVARIM[[#This Row],[בת מצוה]]>0,YEAR(TODAY())+'תקציבים מיוחדים'!$F$5-HEVARIM[[#This Row],[גיל]],0) -> 0 | AF84: =IF(AND($S84>="רווק",$Z84=1),AF$4*IF(HEVARIM[[#This Row],[גיל]]>$AF$3,1,(($G84-AF$2)/(AF$3-AF$2))),0) -> 40341.667 | AG84: =IF(HEVARIM[[#This Row],[מענק חתונה]]>0,IF(HEVARIM[[#This Row],[גיל]]>'תקציבים מיוחדים'!$F$6,2025,YEAR(TODAY())+'תקציבים מיוחדים'!$F$6-HEVARIM[[#This Row],[גיל]]),0) -> 2033 | AH84: =IF(AND($G84>=AI$2,$G84<=AI$3,$Z84=1),AI$4*(($G84-AI$2)/(AI$3-AI$2)),0) -> 70392.333 | AI84: =IF(AH84>0,YEAR(TODAY())+'תקציבים מיוחדים'!$F$7-HEVARIM[[#This Row],[גיל]],0) -> 2033 | AJ84: =IF(AND(ISERROR(VLOOKUP(H84,'[2]ריכוז נתונים'!A:L,1,0)),P84="1 "),1,0) -> 0 | AK84: =IF(VALUE(HEVARIM[[#This Row],[קוד מעמד]])=1,VLOOKUP((IF(LEFT(HEVARIM[[#This Row],[קוד חבר]],1)="0",HEVARIM[[#This Row],[קוד חבר]],VALUE(HEVARIM[[#This Row],[קוד חבר]]))),'ותק חברה 40'!AQ:AW,7,0),"") | AL84: =IF(AND(VALUE(HEVARIM[[#This Row],[קוד מעמד]])=1,HEVARIM[[#This Row],[ותק מחברה 40]]<25),HEVARIM[[#This Row],[ותק מחברה 40]]/25*הנחות!$C$4,0) -> 0 | AM84: =IF(HEVARIM[[#This Row],[דמי עזיבה 25 שנות ותק]]>0,YEAR(TODAY())+25-ROUNDDOWN(HEVARIM[[#This Row],[ותק מחברה 40]],0),"") | AN84: =IF(AND(VALUE(HEVARIM[[#This Row],[קוד מעמד]])=1,HEVARIM[[#This Row],[ותק מחברה 40]]>25,HEVARIM[[#This Row],[גיל]]<65),הנחות!$C$14+(HEVARIM[[#This Row],[ותק מחברה 40]]-25)*הנחות!$C$10*0.25,0) -> 0 | AO84: =IF(HEVARIM[[#This Row],[דמי עזיבה לגיל 65]]>0,YEAR(TODAY())+64-ROUNDDOWN(HEVARIM[[#This Row],[גיל]],0),"") | AP84: =SUMIF(HEVARIM[קוד תקציב],HEVARIM[[#This Row],[קוד תקציב משפחה מקורי]],HEVARIM[ותק מחברה 40]) -> 31.36 | AQ84: =IF(AND(HEVARIM[[#This Row],[גיל]]>HEVARIM[[#This Row],[ותק הורים]],OR(HEVARIM[[#This Row],[בר מצוה]]>0,HEVARIM[[#This Row],[בת מצוה]]>0,HEVARIM[[#This Row],[מענק חתונה]]>0,HEVARIM[[#This Row],[מענק לימודים]]>0)),1,0) -> 0 | AR84: =IF(HEVARIM[[#This Row],[קוד מעמד]]="1 ",IFERROR(VLOOKUP(HEVARIM[[#This Row],[קוד תקציב]],'תקציב צביעה - לקראת השינוי'!A:F,6,0),0)/COUNTIFS(HEVARIM[קוד תקציב],HEVARIM[[#This Row],[קוד תקציב]],HEVARIM[קוד מעמד],"1 "),0) -> 0 | AS84: =IF(HEVARIM[[#This Row],[קוד מעמד]]="1 ",IFERROR(VLOOKUP(HEVARIM[[#This Row],[קוד תקציב]],'תקציב צביעה - לקראת השינוי'!A:F,4,0),0),0) -> 0
A85: 02121 | B85: בירנבאום צבי | C85: בירנבאום | D85: צבי | E85: ז | F85: 20499 | G85: 69 | H85: 0212 | I85: בירנבאום צביקה ואורה | J85: פתוח | K85: חבר | L85: 054015409 | M85: 02121 | N85: בירנבאום צבי | O85: =IFERROR(VLOOKUP(HEVARIM[[#This Row],[קוד תקציב]],[2]תקציבים!A:L,6,0),0) -> 2 | P85: 1 | Q85: חבר ^חבר | R85: 27394 | S85: נשוי | T85: 0212 | U85: =VLOOKUP(HEVARIM[[#This Row],[גיל]],GIL,2,1) -> -- | V85: =IF(HEVARIM[[#This Row],[קוד מעמד]]="4 ",IF(HEVARIM[[#This Row],[גיל]]=1,1,IF(HEVARIM[[#This Row],[גיל]]<=5,5,18)),"") | W85: =IF(G85<67,0, IF(O85=1, IF(G85>=80,1896-231,1795-231), IF(O85=2, IF(G85>=80,2899-332,2697-332), 0)) ) -> 2365 | X85: =IF(AND(HEVARIM[[#This Row],[מין]]="ז ",HEVARIM[[#This Row],[גיל]]>67),'[2]ריכוז נתונים'!$AB$2,IF(AND(HEVARIM[[#This Row],[מין]]="נ ",HEVARIM[[#This Row],[גיל]]>62),'[2]ריכוז נתונים'!$AB$2,0)) -> 7500 | Y85: =IF(HEVARIM[[#This Row],[מצב משפחתי2]]="אלמן",'[2]ריכוז נתונים'!$AC$2,0) -> 0 | Z85: =VLOOKUP(VALUE(HEVARIM[[#This Row],[קוד מעמד]]),הנחות!$I$2:$K$21,3,0) -> 0 | AA85: =ISERROR(VLOOKUP(HEVARIM[[#This Row],[קוד תקציב]],'[2]ריכוז נתונים'!A:A,1,0)) -> FALSE | AB85: =IF(AND($G85>=AC$2,$G85<=AC$3,$E85="ז ",$Z85=1),AC$4*(($G85-AC$2)/(AC$3-AC$2)),0) -> 0 | AC85: =IF(HEVARIM[[#This Row],[בר מצוה]]>0,YEAR(TODAY())+'תקציבים מיוחדים'!$F$5-HEVARIM[[#This Row],[גיל]],0) -> 0 | AD85: =IF(AND($G85>=AE$2,$G85<=AE$3,$E85="נ ",$Z85=1),AE$4*(($G85-AE$2)/(AE$3-AE$2)),0) -> 0 | AE85: =IF(HEVARIM[[#This Row],[בת מצוה]]>0,YEAR(TODAY())+'תקציבים מיוחדים'!$F$5-HEVARIM[[#This Row],[גיל]],0) -> 0 | AF85: =IF(AND($S85>="רווק",$Z85=1),AF$4*IF(HEVARIM[[#This Row],[גיל]]>$AF$3,1,(($G85-AF$2)/(AF$3-AF$2))),0) -> 0 | AG85: =IF(HEVARIM[[#This Row],[מענק חתונה]]>0,IF(HEVARIM[[#This Row],[גיל]]>'תקציבים מיוחדים'!$F$6,2025,YEAR(TODAY())+'תקציבים מיוחדים'!$F$6-HEVARIM[[#This Row],[גיל]]),0) -> 0 | AH85: =IF(AND($G85>=AI$2,$G85<=AI$3,$Z85=1),AI$4*(($G85-AI$2)/(AI$3-AI$2)),0) -> 0 | AI85: =IF(AH85>0,YEAR(TODAY())+'תקציבים מיוחדים'!$F$7-HEVARIM[[#This Row],[גיל]],0) -> 0 | AJ85: =IF(AND(ISERROR(VLOOKUP(H85,'[2]ריכוז נתונים'!A:L,1,0)),P85="1 "),1,0) -> 0 | AK85: =IF(VALUE(HEVARIM[[#This Row],[קוד מעמד]])=1,VLOOKUP((IF(LEFT(HEVARIM[[#This Row],[קוד חבר]],1)="0",HEVARIM[[#This Row],[קוד חבר]],VALUE(HEVARIM[[#This Row],[קוד חבר]]))),'ותק חברה 40'!AQ:AW,7,0),"") -> 48 | AL85: =IF(AND(VALUE(HEVARIM[[#This Row],[קוד מעמד]])=1,HEVARIM[[#This Row],[ותק מחברה 40]]<25),HEVARIM[[#This Row],[ותק מחברה 40]]/25*הנחות!$C$4,0) -> 0 | AM85: =IF(HEVARIM[[#This Row],[דמי עזיבה 25 שנות ותק]]>0,YEAR(TODAY())+25-ROUNDDOWN(HEVARIM[[#This Row],[ותק מחברה 40]],0),"") | AN85: =IF(AND(VALUE(HEVARIM[[#This Row],[קוד מעמד]])=1,HEVARIM[[#This Row],[ותק מחברה 40]]>25,HEVARIM[[#This Row],[גיל]]<65),הנחות!$C$14+(HEVARIM[[#This Row],[ותק מחברה 40]]-25)*הנחות!$C$10*0.25,0) -> 0 | AO85: =IF(HEVARIM[[#This Row],[דמי עזיבה לגיל 65]]>0,YEAR(TODAY())+64-ROUNDDOWN(HEVARIM[[#This Row],[גיל]],0),"") | AP85: =SUMIF(HEVARIM[קוד תקציב],HEVARIM[[#This Row],[קוד תקציב משפחה מקורי]],HEVARIM[ותק מחברה 40]) -> 86.87 | AQ85: =IF(AND(HEVARIM[[#This Row],[גיל]]>HEVARIM[[#This Row],[ותק הורים]],OR(HEVARIM[[#This Row],[בר מצוה]]>0,HEVARIM[[#This Row],[בת מצוה]]>0,HEVARIM[[#This Row],[מענק חתונה]]>0,HEVARIM[[#This Row],[מענק לימודים]]>0)),1,0) -> 0 | AR85: =IF(HEVARIM[[#This Row],[קוד מעמד]]="1 ",IFERROR(VLOOKUP(HEVARIM[[#This Row],[קוד תקציב]],'תקציב צביעה - לקראת השינוי'!A:F,6,0),0)/COUNTIFS(HEVARIM[קוד תקציב],HEVARIM[[#This Row],[קוד תקציב]],HEVARIM[קוד מעמד],"1 "),0) -> 937.5 | AS85: =IF(HEVARIM[[#This Row],[קוד מעמד]]="1 ",IFERROR(VLOOKUP(HEVARIM[[#This Row],[קוד תקציב]],'תקציב צביעה - לקראת השינוי'!A:F,4,0),0),0) -> 2033
A86: 02122 | B86: בירנבאום אורה | C86: בירנבאום | D86: אורה | E86: נ | F86: 22094 | G86: 65 | H86: 0212 | I86: בירנבאום צביקה ואורה | J86: פתוח | K86: חבר | L86: 056488497 | M86: 02121 | N86: בירנבאום צבי | O86: =IFERROR(VLOOKUP(HEVARIM[[#This Row],[קוד תקציב]],[2]תקציבים!A:L,6,0),0) -> 2 | P86: 1 | Q86: חבר ^חבר | R86: 31741 | S86: נשוי | T86: 0212 | U86: =VLOOKUP(HEVARIM[[#This Row],[גיל]],GIL,2,1) -> -- | V86: =IF(HEVARIM[[#This Row],[קוד מעמד]]="4 ",IF(HEVARIM[[#This Row],[גיל]]=1,1,IF(HEVARIM[[#This Row],[גיל]]<=5,5,18)),"") | W86: =IF(G86<67,0, IF(O86=1, IF(G86>=80,1896-231,1795-231), IF(O86=2, IF(G86>=80,2899-332,2697-332), 0)) ) -> 0 | X86: =IF(AND(HEVARIM[[#This Row],[מין]]="ז ",HEVARIM[[#This Row],[גיל]]>67),'[2]ריכוז נתונים'!$AB$2,IF(AND(HEVARIM[[#This Row],[מין]]="נ ",HEVARIM[[#This Row],[גיל]]>62),'[2]ריכוז נתונים'!$AB$2,0)) -> 7500 | Y86: =IF(HEVARIM[[#This Row],[מצב משפחתי2]]="אלמן",'[2]ריכוז נתונים'!$AC$2,0) -> 0 | Z86: =VLOOKUP(VALUE(HEVARIM[[#This Row],[קוד מעמד]]),הנחות!$I$2:$K$21,3,0) -> 0 | AA86: =ISERROR(VLOOKUP(HEVARIM[[#This Row],[קוד תקציב]],'[2]ריכוז נתונים'!A:A,1,0)) -> FALSE | AB86: =IF(AND($G86>=AC$2,$G86<=AC$3,$E86="ז ",$Z86=1),AC$4*(($G86-AC$2)/(AC$3-AC$2)),0) -> 0 | AC86: =IF(HEVARIM[[#This Row],[בר מצוה]]>0,YEAR(TODAY())+'תקציבים מיוחדים'!$F$5-HEVARIM[[#This Row],[גיל]],0) -> 0 | AD86: =IF(AND($G86>=AE$2,$G86<=AE$3,$E86="נ ",$Z86=1),AE$4*(($G86-AE$2)/(AE$3-AE$2)),0) -> 0 | AE86: =IF(HEVARIM[[#This Row],[בת מצוה]]>0,YEAR(TODAY())+'תקציבים מיוחדים'!$F$5-HEVARIM[[#This Row],[גיל]],0) -> 0 | AF86: =IF(AND($S86>="רווק",$Z86=1),AF$4*IF(HEVARIM[[#This Row],[גיל]]>$AF$3,1,(($G86-AF$2)/(AF$3-AF$2))),0) -> 0 | AG86: =IF(HEVARIM[[#This Row],[מענק חתונה]]>0,IF(HEVARIM[[#This Row],[גיל]]>'תקציבים מיוחדים'!$F$6,2025,YEAR(TODAY())+'תקציבים מיוחדים'!$F$6-HEVARIM[[#This Row],[גיל]]),0) -> 0 | AH86: =IF(AND($G86>=AI$2,$G86<=AI$3,$Z86=1),AI$4*(($G86-AI$2)/(AI$3-AI$2)),0) -> 0 | AI86: =IF(AH86>0,YEAR(TODAY())+'תקציבים מיוחדים'!$F$7-HEVARIM[[#This Row],[גיל]],0) -> 0 | AJ86: =IF(AND(ISERROR(VLOOKUP(H86,'[2]ריכוז נתונים'!A:L,1,0)),P86="1 "),1,0) -> 0 | AK86: =IF(VALUE(HEVARIM[[#This Row],[קוד מעמד]])=1,VLOOKUP((IF(LEFT(HEVARIM[[#This Row],[קוד חבר]],1)="0",HEVARIM[[#This Row],[קוד חבר]],VALUE(HEVARIM[[#This Row],[קוד חבר]]))),'ותק חברה 40'!AQ:AW,7,0),"") -> 38.87 | AL86: =IF(AND(VALUE(HEVARIM[[#This Row],[קוד מעמד]])=1,HEVARIM[[#This Row],[ותק מחברה 40]]<25),HEVARIM[[#This Row],[ותק מחברה 40]]/25*הנחות!$C$4,0) -> 0 | AM86: =IF(HEVARIM[[#This Row],[דמי עזיבה 25 שנות ותק]]>0,YEAR(TODAY())+25-ROUNDDOWN(HEVARIM[[#This Row],[ותק מחברה 40]],0),"") | AN86: =IF(AND(VALUE(HEVARIM[[#This Row],[קוד מעמד]])=1,HEVARIM[[#This Row],[ותק מחברה 40]]>25,HEVARIM[[#This Row],[גיל]]<65),הנחות!$C$14+(HEVARIM[[#This Row],[ותק מחברה 40]]-25)*הנחות!$C$10*0.25,0) -> 0 | AO86: =IF(HEVARIM[[#This Row],[דמי עזיבה לגיל 65]]>0,YEAR(TODAY())+64-ROUNDDOWN(HEVARIM[[#This Row],[גיל]],0),"") | AP86: =SUMIF(HEVARIM[קוד תקציב],HEVARIM[[#This Row],[קוד תקציב משפחה מקורי]],HEVARIM[ותק מחברה 40]) -> 86.87 | AQ86: =IF(AND(HEVARIM[[#This Row],[גיל]]>HEVARIM[[#This Row],[ותק הורים]],OR(HEVARIM[[#This Row],[בר מצוה]]>0,HEVARIM[[#This Row],[בת מצוה]]>0,HEVARIM[[#This Row],[מענק חתונה]]>0,HEVARIM[[#This Row],[מענק לימודים]]>0)),1,0) -> 0 | AR86: =IF(HEVARIM[[#This Row],[קוד מעמד]]="1 ",IFERROR(VLOOKUP(HEVARIM[[#This Row],[קוד תקציב]],'תקציב צביעה - לקראת השינוי'!A:F,6,0),0)/COUNTIFS(HEVARIM[קוד תקציב],HEVARIM[[#This Row],[קוד תקציב]],HEVARIM[קוד מעמד],"1 "),0) -> 937.5 | AS86: =IF(HEVARIM[[#This Row],[קוד מעמד]]="1 ",IFERROR(VLOOKUP(HEVARIM[[#This Row],[קוד תקציב]],'תקציב צביעה - לקראת השינוי'!A:F,4,0),0),0) -> 2033
A87: 02561 | B87: בירנבאום זמיר | C87: בירנבאום | D87: זמיר | E87: ז | F87: 32483 | G87: 37 | H87: 0256 | I87: בירנבאום זמיר | J87: פתוח | K87: תושב לגביה | L87: 201108826 | M87: 02561 | N87: בירנבאום זמיר | O87: =IFERROR(VLOOKUP(HEVARIM[[#This Row],[קוד תקציב]],[2]תקציבים!A:L,6,0),0) -> 0 | P87: 6 | Q87: תושב-בר רשות | R87: 43862 | S87: גרוש | T87: 0212 | U87: =VLOOKUP(HEVARIM[[#This Row],[גיל]],GIL,2,1) -> -- | V87: =IF(HEVARIM[[#This Row],[קוד מעמד]]="4 ",IF(HEVARIM[[#This Row],[גיל]]=1,1,IF(HEVARIM[[#This Row],[גיל]]<=5,5,18)),"") | W87: =IF(G87<67,0, IF(O87=1, IF(G87>=80,1896-231,1795-231), IF(O87=2, IF(G87>=80,2899-332,2697-332), 0)) ) -> 0 | X87: =IF(AND(HEVARIM[[#This Row],[מין]]="ז ",HEVARIM[[#This Row],[גיל]]>67),'[2]ריכוז נתונים'!$AB$2,IF(AND(HEVARIM[[#This Row],[מין]]="נ ",HEVARIM[[#This Row],[גיל]]>62),'[2]ריכוז נתונים'!$AB$2,0)) -> 0 | Y87: =IF(HEVARIM[[#This Row],[מצב משפחתי2]]="אלמן",'[2]ריכוז נתונים'!$AC$2,0) -> 0 | Z87: =VLOOKUP(VALUE(HEVARIM[[#This Row],[קוד מעמד]]),הנחות!$I$2:$K$21,3,0) -> 0 | AA87: =ISERROR(VLOOKUP(HEVARIM[[#This Row],[קוד תקציב]],'[2]ריכוז נתונים'!A:A,1,0)) -> TRUE | AB87: =IF(AND($G87>=AC$2,$G87<=AC$3,$E87="ז ",$Z87=1),AC$4*(($G87-AC$2)/(AC$3-AC$2)),0) -> 0 | AC87: =IF(HEVARIM[[#This Row],[בר מצוה]]>0,YEAR(TODAY())+'תקציבים מיוחדים'!$F$5-HEVARIM[[#This Row],[גיל]],0) -> 0 | AD87: =IF(AND($G87>=AE$2,$G87<=AE$3,$E87="נ ",$Z87=1),AE$4*(($G87-AE$2)/(AE$3-AE$2)),0) -> 0 | AE87: =IF(HEVARIM[[#This Row],[בת מצוה]]>0,YEAR(TODAY())+'תקציבים מיוחדים'!$F$5-HEVARIM[[#This Row],[גיל]],0) -> 0 | AF87: =IF(AND($S87>="רווק",$Z87=1),AF$4*IF(HEVARIM[[#This Row],[גיל]]>$AF$3,1,(($G87-AF$2)/(AF$3-AF$2))),0) -> 0 | AG87: =IF(HEVARIM[[#This Row],[מענק חתונה]]>0,IF(HEVARIM[[#This Row],[גיל]]>'תקציבים מיוחדים'!$F$6,2025,YEAR(TODAY())+'תקציבים מיוחדים'!$F$6-HEVARIM[[#This Row],[גיל]]),0) -> 0 | AH87: =IF(AND($G87>=AI$2,$G87<=AI$3,$Z87=1),AI$4*(($G87-AI$2)/(AI$3-AI$2)),0) -> 0 | AI87: =IF(AH87>0,YEAR(TODAY())+'תקציבים מיוחדים'!$F$7-HEVARIM[[#This Row],[גיל]],0) -> 0 | AJ87: =IF(AND(ISERROR(VLOOKUP(H87,'[2]ריכוז נתונים'!A:L,1,0)),P87="1 "),1,0) -> 0 | AK87: =IF(VALUE(HEVARIM[[#This Row],[קוד מעמד]])=1,VLOOKUP((IF(LEFT(HEVARIM[[#This Row],[קוד חבר]],1)="0",HEVARIM[[#This Row],[קוד חבר]],VALUE(HEVARIM[[#This Row],[קוד חבר]]))),'ותק חברה 40'!AQ:AW,7,0),"") | AL87: =IF(AND(VALUE(HEVARIM[[#This Row],[קוד מעמד]])=1,HEVARIM[[#This Row],[ותק מחברה 40]]<25),HEVARIM[[#This Row],[ותק מחברה 40]]/25*הנחות!$C$4,0) -> 0 | AM87: =IF(HEVARIM[[#This Row],[דמי עזיבה 25 שנות ותק]]>0,YEAR(TODAY())+25-ROUNDDOWN(HEVARIM[[#This Row],[ותק מחברה 40]],0),"") | AN87: =IF(AND(VALUE(HEVARIM[[#This Row],[קוד מעמד]])=1,HEVARIM[[#This Row],[ותק מחברה 40]]>25,HEVARIM[[#This Row],[גיל]]<65),הנחות!$C$14+(HEVARIM[[#This Row],[ותק מחברה 40]]-25)*הנחות!$C$10*0.25,0) -> 0 | AO87: =IF(HEVARIM[[#This Row],[דמי עזיבה לגיל 65]]>0,YEAR(TODAY())+64-ROUNDDOWN(HEVARIM[[#This Row],[גיל]],0),"") | AP87: =SUMIF(HEVARIM[קוד תקציב],HEVARIM[[#This Row],[קוד תקציב משפחה מקורי]],HEVARIM[ותק מחברה 40]) -> 86.87 | AQ87: =IF(AND(HEVARIM[[#This Row],[גיל]]>HEVARIM[[#This Row],[ותק הורים]],OR(HEVARIM[[#This Row],[בר מצוה]]>0,HEVARIM[[#This Row],[בת מצוה]]>0,HEVARIM[[#This Row],[מענק חתונה]]>0,HEVARIM[[#This Row],[מענק לימודים]]>0)),1,0) -> 0 | AR87: =IF(HEVARIM[[#This Row],[קוד מעמד]]="1 ",IFERROR(VLOOKUP(HEVARIM[[#This Row],[קוד תקציב]],'תקציב צביעה - לקראת השינוי'!A:F,6,0),0)/COUNTIFS(HEVARIM[קוד תקציב],HEVARIM[[#This Row],[קוד תקציב]],HEVARIM[קוד מעמד],"1 "),0) -> 0 | AS87: =IF(HEVARIM[[#This Row],[קוד מעמד]]="1 ",IFERROR(VLOOKUP(HEVARIM[[#This Row],[קוד תקציב]],'תקציב צביעה - לקראת השינוי'!A:F,4,0),0),0) -> 0
A88: 02141 | B88: בן חמו סרג` | C88: בן חמו | D88: סרג` | E88: ז | F88: 20283 | G88: 70 | H88: 0214 | I88: בן חמו סרג` ורחל | J88: פתוח | K88: חבר | L88: 011235751 | M88: 02141 | N88: בן חמו סרג` | O88: =IFERROR(VLOOKUP(HEVARIM[[#This Row],[קוד תקציב]],[2]תקציבים!A:L,6,0),0) -> 2 | P88: 1 | Q88: חבר ^חבר | R88: 32660 | S88: נשוי | T88: 0214 | U88: =VLOOKUP(HEVARIM[[#This Row],[גיל]],GIL,2,1) -> -- | V88: =IF(HEVARIM[[#This Row],[קוד מעמד]]="4 ",IF(HEVARIM[[#This Row],[גיל]]=1,1,IF(HEVARIM[[#This Row],[גיל]]<=5,5,18)),"") | W88: =IF(G88<67,0, IF(O88=1, IF(G88>=80,1896-231,1795-231), IF(O88=2, IF(G88>=80,2899-332,2697-332), 0)) ) -> 2365 | X88: =IF(AND(HEVARIM[[#This Row],[מין]]="ז ",HEVARIM[[#This Row],[גיל]]>67),'[2]ריכוז נתונים'!$AB$2,IF(AND(HEVARIM[[#This Row],[מין]]="נ ",HEVARIM[[#This Row],[גיל]]>62),'[2]ריכוז נתונים'!$AB$2,0)) -> 7500 | Y88: =IF(HEVARIM[[#This Row],[מצב משפחתי2]]="אלמן",'[2]ריכוז נתונים'!$AC$2,0) -> 0 | Z88: =VLOOKUP(VALUE(HEVARIM[[#This Row],[קוד מעמד]]),הנחות!$I$2:$K$21,3,0) -> 0 | AA88: =ISERROR(VLOOKUP(HEVARIM[[#This Row],[קוד תקציב]],'[2]ריכוז נתונים'!A:A,1,0)) -> FALSE | AB88: =IF(AND($G88>=AC$2,$G88<=AC$3,$E88="ז ",$Z88=1),AC$4*(($G88-AC$2)/(AC$3-AC$2)),0) -> 0 | AC88: =IF(HEVARIM[[#This Row],[בר מצוה]]>0,YEAR(TODAY())+'תקציבים מיוחדים'!$F$5-HEVARIM[[#This Row],[גיל]],0) -> 0 | AD88: =IF(AND($G88>=AE$2,$G88<=AE$3,$E88="נ ",$Z88=1),AE$4*(($G88-AE$2)/(AE$3-AE$2)),0) -> 0 | AE88: =IF(HEVARIM[[#This Row],[בת מצוה]]>0,YEAR(TODAY())+'תקציבים מיוחדים'!$F$5-HEVARIM[[#This Row],[גיל]],0) -> 0 | AF88: =IF(AND($S88>="רווק",$Z88=1),AF$4*IF(HEVARIM[[#This Row],[גיל]]>$AF$3,1,(($G88-AF$2)/(AF$3-AF$2))),0) -> 0 | AG88: =IF(HEVARIM[[#This Row],[מענק חתונה]]>0,IF(HEVARIM[[#This Row],[גיל]]>'תקציבים מיוחדים'!$F$6,2025,YEAR(TODAY())+'תקציבים מיוחדים'!$F$6-HEVARIM[[#This Row],[גיל]]),0) -> 0 | AH88: =IF(AND($G88>=AI$2,$G88<=AI$3,$Z88=1),AI$4*(($G88-AI$2)/(AI$3-AI$2)),0) -> 0 | AI88: =IF(AH88>0,YEAR(TODAY())+'תקציבים מיוחדים'!$F$7-HEVARIM[[#This Row],[גיל]],0) -> 0 | AJ88: =IF(AND(ISERROR(VLOOKUP(H88,'[2]ריכוז נתונים'!A:L,1,0)),P88="1 "),1,0) -> 0 | AK88: =IF(VALUE(HEVARIM[[#This Row],[קוד מעמד]])=1,VLOOKUP((IF(LEFT(HEVARIM[[#This Row],[קוד חבר]],1)="0",HEVARIM[[#This Row],[קוד חבר]],VALUE(HEVARIM[[#This Row],[קוד חבר]]))),'ותק חברה 40'!AQ:AW,7,0),"") -> 36.76 | AL88: =IF(AND(VALUE(HEVARIM[[#This Row],[קוד מעמד]])=1,HEVARIM[[#This Row],[ותק מחברה 40]]<25),HEVARIM[[#This Row],[ותק מחברה 40]]/25*הנחות!$C$4,0) -> 0 | AM88: =IF(HEVARIM[[#This Row],[דמי עזיבה 25 שנות ותק]]>0,YEAR(TODAY())+25-ROUNDDOWN(HEVARIM[[#This Row],[ותק מחברה 40]],0),"") | AN88: =IF(AND(VALUE(HEVARIM[[#This Row],[קוד מעמד]])=1,HEVARIM[[#This Row],[ותק מחברה 40]]>25,HEVARIM[[#This Row],[גיל]]<65),הנחות!$C$14+(HEVARIM[[#This Row],[ותק מחברה 40]]-25)*הנחות!$C$10*0.25,0) -> 0 | AO88: =IF(HEVARIM[[#This Row],[דמי עזיבה לגיל 65]]>0,YEAR(TODAY())+64-ROUNDDOWN(HEVARIM[[#This Row],[גיל]],0),"") | AP88: =SUMIF(HEVARIM[קוד תקציב],HEVARIM[[#This Row],[קוד תקציב משפחה מקורי]],HEVARIM[ותק מחברה 40]) -> 73.66 | AQ88: =IF(AND(HEVARIM[[#This Row],[גיל]]>HEVARIM[[#This Row],[ותק הורים]],OR(HEVARIM[[#This Row],[בר מצוה]]>0,HEVARIM[[#This Row],[בת מצוה]]>0,HEVARIM[[#This Row],[מענק חתונה]]>0,HEVARIM[[#This Row],[מענק לימודים]]>0)),1,0) -> 0 | AR88: =IF(HEVARIM[[#This Row],[קוד מעמד]]="1 ",IFERROR(VLOOKUP(HEVARIM[[#This Row],[קוד תקציב]],'תקציב צביעה - לקראת השינוי'!A:F,6,0),0)/COUNTIFS(HEVARIM[קוד תקציב],HEVARIM[[#This Row],[קוד תקציב]],HEVARIM[קוד מעמד],"1 "),0) -> 3750 | AS88: =IF(HEVARIM[[#This Row],[קוד מעמד]]="1 ",IFERROR(VLOOKUP(HEVARIM[[#This Row],[קוד תקציב]],'תקציב צביעה - לקראת השינוי'!A:F,4,0),0),0) -> 2027
A89: 02142 | B89: בן חמו רחל אן | C89: בן חמו | D89: רחל אן | E89: נ | F89: 22339 | G89: 64 | H89: 0214 | I89: בן חמו סרג` ורחל | J89: פתוח | K89: חבר | L89: 015436124 | M89: 02141 | N89: בן חמו סרג` | O89: =IFERROR(VLOOKUP(HEVARIM[[#This Row],[קוד תקציב]],[2]תקציבים!A:L,6,0),0) -> 2 | P89: 1 | Q89: חבר ^חבר | R89: 32660 | S89: נשוי | T89: 0214 | U89: =VLOOKUP(HEVARIM[[#This Row],[גיל]],GIL,2,1) -> -- | V89: =IF(HEVARIM[[#This Row],[קוד מעמד]]="4 ",IF(HEVARIM[[#This Row],[גיל]]=1,1,IF(HEVARIM[[#This Row],[גיל]]<=5,5,18)),"") | W89: =IF(G89<67,0, IF(O89=1, IF(G89>=80,1896-231,1795-231), IF(O89=2, IF(G89>=80,2899-332,2697-332), 0)) ) -> 0 | X89: =IF(AND(HEVARIM[[#This Row],[מין]]="ז ",HEVARIM[[#This Row],[גיל]]>67),'[2]ריכוז נתונים'!$AB$2,IF(AND(HEVARIM[[#This Row],[מין]]="נ ",HEVARIM[[#This Row],[גיל]]>62),'[2]ריכוז נתונים'!$AB$2,0)) -> 7500 | Y89: =IF(HEVARIM[[#This Row],[מצב משפחתי2]]="אלמן",'[2]ריכוז נתונים'!$AC$2,0) -> 0 | Z89: =VLOOKUP(VALUE(HEVARIM[[#This Row],[קוד מעמד]]),הנחות!$I$2:$K$21,3,0) -> 0 | AA89: =ISERROR(VLOOKUP(HEVARIM[[#This Row],[קוד תקציב]],'[2]ריכוז נתונים'!A:A,1,0)) -> FALSE | AB89: =IF(AND($G89>=AC$2,$G89<=AC$3,$E89="ז ",$Z89=1),AC$4*(($G89-AC$2)/(AC$3-AC$2)),0) -> 0 | AC89: =IF(HEVARIM[[#This Row],[בר מצוה]]>0,YEAR(TODAY())+'תקציבים מיוחדים'!$F$5-HEVARIM[[#This Row],[גיל]],0) -> 0 | AD89: =IF(AND($G89>=AE$2,$G89<=AE$3,$E89="נ ",$Z89=1),AE$4*(($G89-AE$2)/(AE$3-AE$2)),0) -> 0 | AE89: =IF(HEVARIM[[#This Row],[בת מצוה]]>0,YEAR(TODAY())+'תקציבים מיוחדים'!$F$5-HEVARIM[[#This Row],[גיל]],0) -> 0 | AF89: =IF(AND($S89>="רווק",$Z89=1),AF$4*IF(HEVARIM[[#This Row],[גיל]]>$AF$3,1,(($G89-AF$2)/(AF$3-AF$2))),0) -> 0 | AG89: =IF(HEVARIM[[#This Row],[מענק חתונה]]>0,IF(HEVARIM[[#This Row],[גיל]]>'תקציבים מיוחדים'!$F$6,2025,YEAR(TODAY())+'תקציבים מיוחדים'!$F$6-HEVARIM[[#This Row],[גיל]]),0) -> 0 | AH89: =IF(AND($G89>=AI$2,$G89<=AI$3,$Z89=1),AI$4*(($G89-AI$2)/(AI$3-AI$2)),0) -> 0 | AI89: =IF(AH89>0,YEAR(TODAY())+'תקציבים מיוחדים'!$F$7-HEVARIM[[#This Row],[גיל]],0) -> 0 | AJ89: =IF(AND(ISERROR(VLOOKUP(H89,'[2]ריכוז נתונים'!A:L,1,0)),P89="1 "),1,0) -> 0 | AK89: =IF(VALUE(HEVARIM[[#This Row],[קוד מעמד]])=1,VLOOKUP((IF(LEFT(HEVARIM[[#This Row],[קוד חבר]],1)="0",HEVARIM[[#This Row],[קוד חבר]],VALUE(HEVARIM[[#This Row],[קוד חבר]]))),'ותק חברה 40'!AQ:AW,7,0),"") -> 36.9 | AL89: =IF(AND(VALUE(HEVARIM[[#This Row],[קוד מעמד]])=1,HEVARIM[[#This Row],[ותק מחברה 40]]<25),HEVARIM[[#This Row],[ותק מחברה 40]]/25*הנחות!$C$4,0) -> 0 | AM89: =IF(HEVARIM[[#This Row],[דמי עזיבה 25 שנות ותק]]>0,YEAR(TODAY())+25-ROUNDDOWN(HEVARIM[[#This Row],[ותק מחברה 40]],0),"") | AN89: =IF(AND(VALUE(HEVARIM[[#This Row],[קוד מעמד]])=1,HEVARIM[[#This Row],[ותק מחברה 40]]>25,HEVARIM[[#This Row],[גיל]]<65),הנחות!$C$14+(HEVARIM[[#This Row],[ותק מחברה 40]]-25)*הנחות!$C$10*0.25,0) -> 58714.858 | AO89: =IF(HEVARIM[[#This Row],[דמי עזיבה לגיל 65]]>0,YEAR(TODAY())+64-ROUNDDOWN(HEVARIM[[#This Row],[גיל]],0),"") -> 2026 | AP89: =SUMIF(HEVARIM[קוד תקציב],HEVARIM[[#This Row],[קוד תקציב משפחה מקורי]],HEVARIM[ותק מחברה 40]) -> 73.66 | AQ89: =IF(AND(HEVARIM[[#This Row],[גיל]]>HEVARIM[[#This Row],[ותק הורים]],OR(HEVARIM[[#This Row],[בר מצוה]]>0,HEVARIM[[#This Row],[בת מצוה]]>0,HEVARIM[[#This Row],[מענק חתונה]]>0,HEVARIM[[#This Row],[מענק לימודים]]>0)),1,0) -> 0 | AR89: =IF(HEVARIM[[#This Row],[קוד מעמד]]="1 ",IFERROR(VLOOKUP(HEVARIM[[#This Row],[קוד תקציב]],'תקציב צביעה - לקראת השינוי'!A:F,6,0),0)/COUNTIFS(HEVARIM[קוד תקציב],HEVARIM[[#This Row],[קוד תקציב]],HEVARIM[קוד מעמד],"1 "),0) -> 3750 | AS89: =IF(HEVARIM[[#This Row],[קוד מעמד]]="1 ",IFERROR(VLOOKUP(HEVARIM[[#This Row],[קוד תקציב]],'תקציב צביעה - לקראת השינוי'!A:F,4,0),0),0) -> 2027
A90: 02161 | B90: בר פלד יואב | C90: בר פלד | D90: יואב | E90: ז | F90: 19124 | G90: 73 | H90: 0216 | I90: בר פלד יואב וחנה | J90: פתוח | K90: חבר | L90: 051207397 | M90: 02161 | N90: בר פלד יואב | O90: =IFERROR(VLOOKUP(HEVARIM[[#This Row],[קוד תקציב]],[2]תקציבים!A:L,6,0),0) -> 2 | P90: 1 | Q90: חבר ^חבר | R90: 25933 | S90: נשוי | T90: 0216 | U90: =VLOOKUP(HEVARIM[[#This Row],[גיל]],GIL,2,1) -> -- | V90: =IF(HEVARIM[[#This Row],[קוד מעמד]]="4 ",IF(HEVARIM[[#This Row],[גיל]]=1,1,IF(HEVARIM[[#This Row],[גיל]]<=5,5,18)),"") | W90: =IF(G90<67,0, IF(O90=1, IF(G90>=80,1896-231,1795-231), IF(O90=2, IF(G90>=80,2899-332,2697-332), 0)) ) -> 2365 | X90: =IF(AND(HEVARIM[[#This Row],[מין]]="ז ",HEVARIM[[#This Row],[גיל]]>67),'[2]ריכוז נתונים'!$AB$2,IF(AND(HEVARIM[[#This Row],[מין]]="נ ",HEVARIM[[#This Row],[גיל]]>62),'[2]ריכוז נתונים'!$AB$2,0)) -> 7500 | Y90: =IF(HEVARIM[[#This Row],[מצב משפחתי2]]="אלמן",'[2]ריכוז נתונים'!$AC$2,0) -> 0 | Z90: =VLOOKUP(VALUE(HEVARIM[[#This Row],[קוד מעמד]]),הנחות!$I$2:$K$21,3,0) -> 0 | AA90: =ISERROR(VLOOKUP(HEVARIM[[#This Row],[קוד תקציב]],'[2]ריכוז נתונים'!A:A,1,0)) -> FALSE | AB90: =IF(AND($G90>=AC$2,$G90<=AC$3,$E90="ז ",$Z90=1),AC$4*(($G90-AC$2)/(AC$3-AC$2)),0) -> 0 | AC90: =IF(HEVARIM[[#This Row],[בר מצוה]]>0,YEAR(TODAY())+'תקציבים מיוחדים'!$F$5-HEVARIM[[#This Row],[גיל]],0) -> 0 | AD90: =IF(AND($G90>=AE$2,$G90<=AE$3,$E90="נ ",$Z90=1),AE$4*(($G90-AE$2)/(AE$3-AE$2)),0) -> 0 | AE90: =IF(HEVARIM[[#This Row],[בת מצוה]]>0,YEAR(TODAY())+'תקציבים מיוחדים'!$F$5-HEVARIM[[#This Row],[גיל]],0) -> 0 | AF90: =IF(AND($S90>="רווק",$Z90=1),AF$4*IF(HEVARIM[[#This Row],[גיל]]>$AF$3,1,(($G90-AF$2)/(AF$3-AF$2))),0) -> 0 | AG90: =IF(HEVARIM[[#This Row],[מענק חתונה]]>0,IF(HEVARIM[[#This Row],[גיל]]>'תקציבים מיוחדים'!$F$6,2025,YEAR(TODAY())+'תקציבים מיוחדים'!$F$6-HEVARIM[[#This Row],[גיל]]),0) -> 0 | AH90: =IF(AND($G90>=AI$2,$G90<=AI$3,$Z90=1),AI$4*(($G90-AI$2)/(AI$3-AI$2)),0) -> 0 | AI90: =IF(AH90>0,YEAR(TODAY())+'תקציבים מיוחדים'!$F$7-HEVARIM[[#This Row],[גיל]],0) -> 0 | AJ90: =IF(AND(ISERROR(VLOOKUP(H90,'[2]ריכוז נתונים'!A:L,1,0)),P90="1 "),1,0) -> 0 | AK90: =IF(VALUE(HEVARIM[[#This Row],[קוד מעמד]])=1,VLOOKUP((IF(LEFT(HEVARIM[[#This Row],[קוד חבר]],1)="0",HEVARIM[[#This Row],[קוד חבר]],VALUE(HEVARIM[[#This Row],[קוד חבר]]))),'ותק חברה 40'!AQ:AW,7,0),"") -> 48 | AL90: =IF(AND(VALUE(HEVARIM[[#This Row],[קוד מעמד]])=1,HEVARIM[[#This Row],[ותק מחברה 40]]<25),HEVARIM[[#This Row],[ותק מחברה 40]]/25*הנחות!$C$4,0) -> 0 | AM90: =IF(HEVARIM[[#This Row],[דמי עזיבה 25 שנות ותק]]>0,YEAR(TODAY())+25-ROUNDDOWN(HEVARIM[[#This Row],[ותק מחברה 40]],0),"") | AN90: =IF(AND(VALUE(HEVARIM[[#This Row],[קוד מעמד]])=1,HEVARIM[[#This Row],[ותק מחברה 40]]>25,HEVARIM[[#This Row],[גיל]]<65),הנחות!$C$14+(HEVARIM[[#This Row],[ותק מחברה 40]]-25)*הנחות!$C$10*0.25,0) -> 0 | AO90: =IF(HEVARIM[[#This Row],[דמי עזיבה לגיל 65]]>0,YEAR(TODAY())+64-ROUNDDOWN(HEVARIM[[#This Row],[גיל]],0),"") | AP90: =SUMIF(HEVARIM[קוד תקציב],HEVARIM[[#This Row],[קוד תקציב משפחה מקורי]],HEVARIM[ותק מחברה 40]) -> 95.82 | AQ90: =IF(AND(HEVARIM[[#This Row],[גיל]]>HEVARIM[[#This Row],[ותק הורים]],OR(HEVARIM[[#This Row],[בר מצוה]]>0,HEVARIM[[#This Row],[בת מצוה]]>0,HEVARIM[[#This Row],[מענק חתונה]]>0,HEVARIM[[#This Row],[מענק לימודים]]>0)),1,0) -> 0 | AR90: =IF(HEVARIM[[#This Row],[קוד מעמד]]="1 ",IFERROR(VLOOKUP(HEVARIM[[#This Row],[קוד תקציב]],'תקציב צביעה - לקראת השינוי'!A:F,6,0),0)/COUNTIFS(HEVARIM[קוד תקציב],HEVARIM[[#This Row],[קוד תקציב]],HEVARIM[קוד מעמד],"1 "),0) -> 468.75 | AS90: =IF(HEVARIM[[#This Row],[קוד מעמד]]="1 ",IFERROR(VLOOKUP(HEVARIM[[#This Row],[קוד תקציב]],'תקציב צביעה - לקראת השינוי'!A:F,4,0),0),0) -> 2034
A91: 02162 | B91: בר פלד חנה | C91: בר פלד | D91: חנה | E91: נ | F91: 19562 | G91: 72 | H91: 0216 | I91: בר פלד יואב וחנה | J91: פתוח | K91: חבר | L91: 051963973 | M91: 02161 | N91: בר פלד יואב | O91: =IFERROR(VLOOKUP(HEVARIM[[#This Row],[קוד תקציב]],[2]תקציבים!A:L,6,0),0) -> 2 | P91: 1 | Q91: חבר ^חבר | R91: 27673 | S91: נשוי | T91: 0216 | U91: =VLOOKUP(HEVARIM[[#This Row],[גיל]],GIL,2,1) -> -- | V91: =IF(HEVARIM[[#This Row],[קוד מעמד]]="4 ",IF(HEVARIM[[#This Row],[גיל]]=1,1,IF(HEVARIM[[#This Row],[גיל]]<=5,5,18)),"") | W91: =IF(G91<67,0, IF(O91=1, IF(G91>=80,1896-231,1795-231), IF(O91=2, IF(G91>=80,2899-332,2697-332), 0)) ) -> 2365 | X91: =IF(AND(HEVARIM[[#This Row],[מין]]="ז ",HEVARIM[[#This Row],[גיל]]>67),'[2]ריכוז נתונים'!$AB$2,IF(AND(HEVARIM[[#This Row],[מין]]="נ ",HEVARIM[[#This Row],[גיל]]>62),'[2]ריכוז נתונים'!$AB$2,0)) -> 7500 | Y91: =IF(HEVARIM[[#This Row],[מצב משפחתי2]]="אלמן",'[2]ריכוז נתונים'!$AC$2,0) -> 0 | Z91: =VLOOKUP(VALUE(HEVARIM[[#This Row],[קוד מעמד]]),הנחות!$I$2:$K$21,3,0) -> 0 | AA91: =ISERROR(VLOOKUP(HEVARIM[[#This Row],[קוד תקציב]],'[2]ריכוז נתונים'!A:A,1,0)) -> FALSE | AB91: =IF(AND($G91>=AC$2,$G91<=AC$3,$E91="ז ",$Z91=1),AC$4*(($G91-AC$2)/(AC$3-AC$2)),0) -> 0 | AC91: =IF(HEVARIM[[#This Row],[בר מצוה]]>0,YEAR(TODAY())+'תקציבים מיוחדים'!$F$5-HEVARIM[[#This Row],[גיל]],0) -> 0 | AD91: =IF(AND($G91>=AE$2,$G91<=AE$3,$E91="נ ",$Z91=1),AE$4*(($G91-AE$2)/(AE$3-AE$2)),0) -> 0 | AE91: =IF(HEVARIM[[#This Row],[בת מצוה]]>0,YEAR(TODAY())+'תקציבים מיוחדים'!$F$5-HEVARIM[[#This Row],[גיל]],0) -> 0 | AF91: =IF(AND($S91>="רווק",$Z91=1),AF$4*IF(HEVARIM[[#This Row],[גיל]]>$AF$3,1,(($G91-AF$2)/(AF$3-AF$2))),0) -> 0 | AG91: =IF(HEVARIM[[#This Row],[מענק חתונה]]>0,IF(HEVARIM[[#This Row],[גיל]]>'תקציבים מיוחדים'!$F$6,2025,YEAR(TODAY())+'תקציבים מיוחדים'!$F$6-HEVARIM[[#This Row],[גיל]]),0) -> 0 | AH91: =IF(AND($G91>=AI$2,$G91<=AI$3,$Z91=1),AI$4*(($G91-AI$2)/(AI$3-AI$2)),0) -> 0 | AI91: =IF(AH91>0,YEAR(TODAY())+'תקציבים מיוחדים'!$F$7-HEVARIM[[#This Row],[גיל]],0) -> 0 | AJ91: =IF(AND(ISERROR(VLOOKUP(H91,'[2]ריכוז נתונים'!A:L,1,0)),P91="1 "),1,0) -> 0 | AK91: =IF(VALUE(HEVARIM[[#This Row],[קוד מעמד]])=1,VLOOKUP((IF(LEFT(HEVARIM[[#This Row],[קוד חבר]],1)="0",HEVARIM[[#This Row],[קוד חבר]],VALUE(HEVARIM[[#This Row],[קוד חבר]]))),'ותק חברה 40'!AQ:AW,7,0),"") -> 47.82 | AL91: =IF(AND(VALUE(HEVARIM[[#This Row],[קוד מעמד]])=1,HEVARIM[[#This Row],[ותק מחברה 40]]<25),HEVARIM[[#This Row],[ותק מחברה 40]]/25*הנחות!$C$4,0) -> 0 | AM91: =IF(HEVARIM[[#This Row],[דמי עזיבה 25 שנות ותק]]>0,YEAR(TODAY())+25-ROUNDDOWN(HEVARIM[[#This Row],[ותק מחברה 40]],0),"") | AN91: =IF(AND(VALUE(HEVARIM[[#This Row],[קוד מעמד]])=1,HEVARIM[[#This Row],[ותק מחברה 40]]>25,HEVARIM[[#This Row],[גיל]]<65),הנחות!$C$14+(HEVARIM[[#This Row],[ותק מחברה 40]]-25)*הנחות!$C$10*0.25,0) -> 0 | AO91: =IF(HEVARIM[[#This Row],[דמי עזיבה לגיל 65]]>0,YEAR(TODAY())+64-ROUNDDOWN(HEVARIM[[#This Row],[גיל]],0),"") | AP91: =SUMIF(HEVARIM[קוד תקציב],HEVARIM[[#This Row],[קוד תקציב משפחה מקורי]],HEVARIM[ותק מחברה 40]) -> 95.82 | AQ91: =IF(AND(HEVARIM[[#This Row],[גיל]]>HEVARIM[[#This Row],[ותק הורים]],OR(HEVARIM[[#This Row],[בר מצוה]]>0,HEVARIM[[#This Row],[בת מצוה]]>0,HEVARIM[[#This Row],[מענק חתונה]]>0,HEVARIM[[#This Row],[מענק לימודים]]>0)),1,0) -> 0 | AR91: =IF(HEVARIM[[#This Row],[קוד מעמד]]="1 ",IFERROR(VLOOKUP(HEVARIM[[#This Row],[קוד תקציב]],'תקציב צביעה - לקראת השינוי'!A:F,6,0),0)/COUNTIFS(HEVARIM[קוד תקציב],HEVARIM[[#This Row],[קוד תקציב]],HEVARIM[קוד מעמד],"1 "),0) -> 468.75 | AS91: =IF(HEVARIM[[#This Row],[קוד מעמד]]="1 ",IFERROR(VLOOKUP(HEVARIM[[#This Row],[קוד תקציב]],'תקציב צביעה - לקראת השינוי'!A:F,4,0),0),0) -> 2034
A92: 02171 | B92: ברודי אלחנן | C92: ברודי | D92: אלחנן | E92: ז | F92: 19527 | G92: 72 | H92: 0217 | I92: ברודי אלחנן ורחל | J92: פתוח | K92: חבר | L92: 051789634 | M92: 02171 | N92: ברודי אלחנן | O92: =IFERROR(VLOOKUP(HEVARIM[[#This Row],[קוד תקציב]],[2]תקציבים!A:L,6,0),0) -> 2 | P92: 1 | Q92: חבר ^חבר | R92: 19527 | S92: נשוי | T92: 0217 | U92: =VLOOKUP(HEVARIM[[#This Row],[גיל]],GIL,2,1) -> -- | V92: =IF(HEVARIM[[#This Row],[קוד מעמד]]="4 ",IF(HEVARIM[[#This Row],[גיל]]=1,1,IF(HEVARIM[[#This Row],[גיל]]<=5,5,18)),"") | W92: =IF(G92<67,0, IF(O92=1, IF(G92>=80,1896-231,1795-231), IF(O92=2, IF(G92>=80,2899-332,2697-332), 0)) ) -> 2365 | X92: =IF(AND(HEVARIM[[#This Row],[מין]]="ז ",HEVARIM[[#This Row],[גיל]]>67),'[2]ריכוז נתונים'!$AB$2,IF(AND(HEVARIM[[#This Row],[מין]]="נ ",HEVARIM[[#This Row],[גיל]]>62),'[2]ריכוז נתונים'!$AB$2,0)) -> 7500 | Y92: =IF(HEVARIM[[#This Row],[מצב משפחתי2]]="אלמן",'[2]ריכוז נתונים'!$AC$2,0) -> 0 | Z92: =VLOOKUP(VALUE(HEVARIM[[#This Row],[קוד מעמד]]),הנחות!$I$2:$K$21,3,0) -> 0 | AA92: =ISERROR(VLOOKUP(HEVARIM[[#This Row],[קוד תקציב]],'[2]ריכוז נתונים'!A:A,1,0)) -> FALSE | AB92: =IF(AND($G92>=AC$2,$G92<=AC$3,$E92="ז ",$Z92=1),AC$4*(($G92-AC$2)/(AC$3-AC$2)),0) -> 0 | AC92: =IF(HEVARIM[[#This Row],[בר מצוה]]>0,YEAR(TODAY())+'תקציבים מיוחדים'!$F$5-HEVARIM[[#This Row],[גיל]],0) -> 0 | AD92: =IF(AND($G92>=AE$2,$G92<=AE$3,$E92="נ ",$Z92=1),AE$4*(($G92-AE$2)/(AE$3-AE$2)),0) -> 0 | AE92: =IF(HEVARIM[[#This Row],[בת מצוה]]>0,YEAR(TODAY())+'תקציבים מיוחדים'!$F$5-HEVARIM[[#This Row],[גיל]],0) -> 0 | AF92: =IF(AND($S92>="רווק",$Z92=1),AF$4*IF(HEVARIM[[#This Row],[גיל]]>$AF$3,1,(($G92-AF$2)/(AF$3-AF$2))),0) -> 0 | AG92: =IF(HEVARIM[[#This Row],[מענק חתונה]]>0,IF(HEVARIM[[#This Row],[גיל]]>'תקציבים מיוחדים'!$F$6,2025,YEAR(TODAY())+'תקציבים מיוחדים'!$F$6-HEVARIM[[#This Row],[גיל]]),0) -> 0 | AH92: =IF(AND($G92>=AI$2,$G92<=AI$3,$Z92=1),AI$4*(($G92-AI$2)/(AI$3-AI$2)),0) -> 0 | AI92: =IF(AH92>0,YEAR(TODAY())+'תקציבים מיוחדים'!$F$7-HEVARIM[[#This Row],[גיל]],0) -> 0 | AJ92: =IF(AND(ISERROR(VLOOKUP(H92,'[2]ריכוז נתונים'!A:L,1,0)),P92="1 "),1,0) -> 0 | AK92: =IF(VALUE(HEVARIM[[#This Row],[קוד מעמד]])=1,VLOOKUP((IF(LEFT(HEVARIM[[#This Row],[קוד חבר]],1)="0",HEVARIM[[#This Row],[קוד חבר]],VALUE(HEVARIM[[#This Row],[קוד חבר]]))),'ותק חברה 40'!AQ:AW,7,0),"") -> 48 | AL92: =IF(AND(VALUE(HEVARIM[[#This Row],[קוד מעמד]])=1,HEVARIM[[#This Row],[ותק מחברה 40]]<25),HEVARIM[[#This Row],[ותק מחברה 40]]/25*הנחות!$C$4,0) -> 0 | AM92: =IF(HEVARIM[[#This Row],[דמי עזיבה 25 שנות ותק]]>0,YEAR(TODAY())+25-ROUNDDOWN(HEVARIM[[#This Row],[ותק מחברה 40]],0),"") | AN92: =IF(AND(VALUE(HEVARIM[[#This Row],[קוד מעמד]])=1,HEVARIM[[#This Row],[ותק מחברה 40]]>25,HEVARIM[[#This Row],[גיל]]<65),הנחות!$C$14+(HEVARIM[[#This Row],[ותק מחברה 40]]-25)*הנחות!$C$10*0.25,0) -> 0 | AO92: =IF(HEVARIM[[#This Row],[דמי עזיבה לגיל 65]]>0,YEAR(TODAY())+64-ROUNDDOWN(HEVARIM[[#This Row],[גיל]],0),"") | AP92: =SUMIF(HEVARIM[קוד תקציב],HEVARIM[[#This Row],[קוד תקציב משפחה מקורי]],HEVARIM[ותק מחברה 40]) -> 96 | AQ92: =IF(AND(HEVARIM[[#This Row],[גיל]]>HEVARIM[[#This Row],[ותק הורים]],OR(HEVARIM[[#This Row],[בר מצוה]]>0,HEVARIM[[#This Row],[בת מצוה]]>0,HEVARIM[[#This Row],[מענק חתונה]]>0,HEVARIM[[#This Row],[מענק לימודים]]>0)),1,0) -> 0 | AR92: =IF(HEVARIM[[#This Row],[קוד מעמד]]="1 ",IFERROR(VLOOKUP(HEVARIM[[#This Row],[קוד תקציב]],'תקציב צביעה - לקראת השינוי'!A:F,6,0),0)/COUNTIFS(HEVARIM[קוד תקציב],HEVARIM[[#This Row],[קוד תקציב]],HEVARIM[קוד מעמד],"1 "),0) -> 2812.5 | AS92: =IF(HEVARIM[[#This Row],[קוד מעמד]]="1 ",IFERROR(VLOOKUP(HEVARIM[[#This Row],[קוד תקציב]],'תקציב צביעה - לקראת השינוי'!A:F,4,0),0),0) -> 2029
... A312: 10122 | B312: יקיר נעם | C312: יקיר | D312: נעם | E312: נ | F312: 38070 | G312: 21 | H312: 1005 | I312: יקיר הראל ואורית | J312: פתוח | K312: חבר | L312: 213243371 | M312: 10051 | N312: יקיר הראל | O312: =IFERROR(VLOOKUP(HEVARIM[[#This Row],[קוד תקציב]],[2]תקציבים!A:L,6,0),0) -> 2 | P312: 36 | Q312: מסלול צעירים - זכאי 3/2 ביטוח בריאות | R312: 45946 | S312: רווק | T312: 1005 | U312: =VLOOKUP(HEVARIM[[#This Row],[גיל]],GIL,2,1) -> -- | V312: =IF(HEVARIM[[#This Row],[קוד מעמד]]="4 ",IF(HEVARIM[[#This Row],[גיל]]=1,1,IF(HEVARIM[[#This Row],[גיל]]<=5,5,18)),"") | W312: =IF(G312<67,0, IF(O312=1, IF(G312>=80,1896-231,1795-231), IF(O312=2, IF(G312>=80,2899-332,2697-332), 0)) ) -> 0 | X312: =IF(AND(HEVARIM[[#This Row],[מין]]="ז ",HEVARIM[[#This Row],[גיל]]>67),'[2]ריכוז נתונים'!$AB$2,IF(AND(HEVARIM[[#This Row],[מין]]="נ ",HEVARIM[[#This Row],[גיל]]>62),'[2]ריכוז נתונים'!$AB$2,0)) -> 0 | Y312: =IF(HEVARIM[[#This Row],[מצב משפחתי2]]="אלמן",'[2]ריכוז נתונים'!$AC$2,0) -> 0 | Z312: =VLOOKUP(VALUE(HEVARIM[[#This Row],[קוד מעמד]]),הנחות!$I$2:$K$21,3,0) -> 1 | AA312: =ISERROR(VLOOKUP(HEVARIM[[#This Row],[קוד תקציב]],'[2]ריכוז נתונים'!A:A,1,0)) -> FALSE | AB312: =IF(AND($G312>=AC$2,$G312<=AC$3,$E312="ז ",$Z312=1),AC$4*(($G312-AC$2)/(AC$3-AC$2)),0) -> 0 | AC312: =IF(HEVARIM[[#This Row],[בר מצוה]]>0,YEAR(TODAY())+'תקציבים מיוחדים'!$F$5-HEVARIM[[#This Row],[גיל]],0) -> 0 | AD312: =IF(AND($G312>=AE$2,$G312<=AE$3,$E312="נ ",$Z312=1),AE$4*(($G312-AE$2)/(AE$3-AE$2)),0) -> 0 | AE312: =IF(HEVARIM[[#This Row],[בת מצוה]]>0,YEAR(TODAY())+'תקציבים מיוחדים'!$F$5-HEVARIM[[#This Row],[גיל]],0) -> 0 | AF312: =IF(AND($S312>="רווק",$Z312=1),AF$4*IF(HEVARIM[[#This Row],[גיל]]>$AF$3,1,(($G312-AF$2)/(AF$3-AF$2))),0) -> 60512.5 | AG312: =IF(HEVARIM[[#This Row],[מענק חתונה]]>0,IF(HEVARIM[[#This Row],[גיל]]>'תקציבים מיוחדים'!$F$6,2025,YEAR(TODAY())+'תקציבים מיוחדים'!$F$6-HEVARIM[[#This Row],[גיל]]),0) -> 2026 | AH312: =IF(AND($G312>=AI$2,$G312<=AI$3,$Z312=1),AI$4*(($G312-AI$2)/(AI$3-AI$2)),0) -> 105588.5 | AI312: =IF(AH312>0,YEAR(TODAY())+'תקציבים מיוחדים'!$F$7-HEVARIM[[#This Row],[גיל]],0) -> 2026 | AJ312: =IF(AND(ISERROR(VLOOKUP(H312,'[2]ריכוז נתונים'!A:L,1,0)),P312="1 "),1,0) -> 0 | AK312: =IF(VALUE(HEVARIM[[#This Row],[קוד מעמד]])=1,VLOOKUP((IF(LEFT(HEVARIM[[#This Row],[קוד חבר]],1)="0",HEVARIM[[#This Row],[קוד חבר]],VALUE(HEVARIM[[#This Row],[קוד חבר]]))),'ותק חברה 40'!AQ:AW,7,0),"") | AL312: =IF(AND(VALUE(HEVARIM[[#This Row],[קוד מעמד]])=1,HEVARIM[[#This Row],[ותק מחברה 40]]<25),HEVARIM[[#This Row],[ותק מחברה 40]]/25*הנחות!$C$4,0) -> 0 | AM312: =IF(HEVARIM[[#This Row],[דמי עזיבה 25 שנות ותק]]>0,YEAR(TODAY())+25-ROUNDDOWN(HEVARIM[[#This Row],[ותק מחברה 40]],0),"") | AN312: =IF(AND(VALUE(HEVARIM[[#This Row],[קוד מעמד]])=1,HEVARIM[[#This Row],[ותק מחברה 40]]>25,HEVARIM[[#This Row],[גיל]]<65),הנחות!$C$14+(HEVARIM[[#This Row],[ותק מחברה 40]]-25)*הנחות!$C$10*0.25,0) -> 0 | AO312: =IF(HEVARIM[[#This Row],[דמי עזיבה לגיל 65]]>0,YEAR(TODAY())+64-ROUNDDOWN(HEVARIM[[#This Row],[גיל]],0),"") | AP312: =SUMIF(HEVARIM[קוד תקציב],HEVARIM[[#This Row],[קוד תקציב משפחה מקורי]],HEVARIM[ותק מחברה 40]) -> 52.63 | AQ312: =IF(AND(HEVARIM[[#This Row],[גיל]]>HEVARIM[[#This Row],[ותק הורים]],OR(HEVARIM[[#This Row],[בר מצוה]]>0,HEVARIM[[#This Row],[בת מצוה]]>0,HEVARIM[[#This Row],[מענק חתונה]]>0,HEVARIM[[#This Row],[מענק לימודים]]>0)),1,0) -> 0 | AR312: =IF(HEVARIM[[#This Row],[קוד מעמד]]="1 ",IFERROR(VLOOKUP(HEVARIM[[#This Row],[קוד תקציב]],'תקציב צביעה - לקראת השינוי'!A:F,6,0),0)/COUNTIFS(HEVARIM[קוד תקציב],HEVARIM[[#This Row],[קוד תקציב]],HEVARIM[קוד מעמד],"1 "),0) -> 0 | AS312: =IF(HEVARIM[[#This Row],[קוד מעמד]]="1 ",IFERROR(VLOOKUP(HEVARIM[[#This Row],[קוד תקציב]],'תקציב צביעה - לקראת השינוי'!A:F,4,0),0),0) -> 0
A313: 10111 | B313: יוגב מינו | C313: יוגב | D313: מינו | E313: ז | F313: 25625 | G313: 55 | H313: 1011 | I313: יוגב מינו | J313: פתוח | K313: חבר | L313: 024813180 | M313: 10111 | N313: יוגב מינו | O313: =IFERROR(VLOOKUP(HEVARIM[[#This Row],[קוד תקציב]],[2]תקציבים!A:L,6,0),0) -> 1 | P313: 1 | Q313: חבר ^חבר | R313: 37724 | S313: גרוש | T313: 1011 | U313: =VLOOKUP(HEVARIM[[#This Row],[גיל]],GIL,2,1) -> -- | V313: =IF(HEVARIM[[#This Row],[קוד מעמד]]="4 ",IF(HEVARIM[[#This Row],[גיל]]=1,1,IF(HEVARIM[[#This Row],[גיל]]<=5,5,18)),"") | W313: =IF(G313<67,0, IF(O313=1, IF(G313>=80,1896-231,1795-231), IF(O313=2, IF(G313>=80,2899-332,2697-332), 0)) ) -> 0 | X313: =IF(AND(HEVARIM[[#This Row],[מין]]="ז ",HEVARIM[[#This Row],[גיל]]>67),'[2]ריכוז נתונים'!$AB$2,IF(AND(HEVARIM[[#This Row],[מין]]="נ ",HEVARIM[[#This Row],[גיל]]>62),'[2]ריכוז נתונים'!$AB$2,0)) -> 0 | Y313: =IF(HEVARIM[[#This Row],[מצב משפחתי2]]="אלמן",'[2]ריכוז נתונים'!$AC$2,0) -> 0 | Z313: =VLOOKUP(VALUE(HEVARIM[[#This Row],[קוד מעמד]]),הנחות!$I$2:$K$21,3,0) -> 0 | AA313: =ISERROR(VLOOKUP(HEVARIM[[#This Row],[קוד תקציב]],'[2]ריכוז נתונים'!A:A,1,0)) -> FALSE | AB313: =IF(AND($G313>=AC$2,$G313<=AC$3,$E313="ז ",$Z313=1),AC$4*(($G313-AC$2)/(AC$3-AC$2)),0) -> 0 | AC313: =IF(HEVARIM[[#This Row],[בר מצוה]]>0,YEAR(TODAY())+'תקציבים מיוחדים'!$F$5-HEVARIM[[#This Row],[גיל]],0) -> 0 | AD313: =IF(AND($G313>=AE$2,$G313<=AE$3,$E313="נ ",$Z313=1),AE$4*(($G313-AE$2)/(AE$3-AE$2)),0) -> 0 | AE313: =IF(HEVARIM[[#This Row],[בת מצוה]]>0,YEAR(TODAY())+'תקציבים מיוחדים'!$F$5-HEVARIM[[#This Row],[גיל]],0) -> 0 | AF313: =IF(AND($S313>="רווק",$Z313=1),AF$4*IF(HEVARIM[[#This Row],[גיל]]>$AF$3,1,(($G313-AF$2)/(AF$3-AF$2))),0) -> 0 | AG313: =IF(HEVARIM[[#This Row],[מענק חתונה]]>0,IF(HEVARIM[[#This Row],[גיל]]>'תקציבים מיוחדים'!$F$6,2025,YEAR(TODAY())+'תקציבים מיוחדים'!$F$6-HEVARIM[[#This Row],[גיל]]),0) -> 0 | AH313: =IF(AND($G313>=AI$2,$G313<=AI$3,$Z313=1),AI$4*(($G313-AI$2)/(AI$3-AI$2)),0) -> 0 | AI313: =IF(AH313>0,YEAR(TODAY())+'תקציבים מיוחדים'!$F$7-HEVARIM[[#This Row],[גיל]],0) -> 0 | AJ313: =IF(AND(ISERROR(VLOOKUP(H313,'[2]ריכוז נתונים'!A:L,1,0)),P313="1 "),1,0) -> 0 | AK313: =IF(VALUE(HEVARIM[[#This Row],[קוד מעמד]])=1,VLOOKUP((IF(LEFT(HEVARIM[[#This Row],[קוד חבר]],1)="0",HEVARIM[[#This Row],[קוד חבר]],VALUE(HEVARIM[[#This Row],[קוד חבר]]))),'ותק חברה 40'!AQ:AW,7,0),"") -> 24.9 | AL313: =IF(AND(VALUE(HEVARIM[[#This Row],[קוד מעמד]])=1,HEVARIM[[#This Row],[ותק מחברה 40]]<25),HEVARIM[[#This Row],[ותק מחברה 40]]/25*הנחות!$C$4,0) -> 37384.474 | AM313: =IF(HEVARIM[[#This Row],[דמי עזיבה 25 שנות ותק]]>0,YEAR(TODAY())+24-ROUNDDOWN(HEVARIM[[#This Row],[ותק מחברה 40]],0),"") -> 2026 | AN313: =IF(AND(VALUE(HEVARIM[[#This Row],[קוד מעמד]])=1,HEVARIM[[#This Row],[ותק מחברה 40]]>25,HEVARIM[[#This Row],[גיל]]<65),הנחות!$C$14+(HEVARIM[[#This Row],[ותק מחברה 40]]-25)*הנחות!$C$10*0.25,0) -> 0 | AO313: =IF(HEVARIM[[#This Row],[דמי עזיבה לגיל 65]]>0,YEAR(TODAY())+64-ROUNDDOWN(HEVARIM[[#This Row],[גיל]],0),"") | AP313: =SUMIF(HEVARIM[קוד תקציב],HEVARIM[[#This Row],[קוד תקציב משפחה מקורי]],HEVARIM[ותק מחברה 40]) -> 24.9 | AQ313: =IF(AND(HEVARIM[[#This Row],[גיל]]>HEVARIM[[#This Row],[ותק הורים]],OR(HEVARIM[[#This Row],[בר מצוה]]>0,HEVARIM[[#This Row],[בת מצוה]]>0,HEVARIM[[#This Row],[מענק חתונה]]>0,HEVARIM[[#This Row],[מענק לימודים]]>0)),1,0) -> 0 | AR313: =IF(HEVARIM[[#This Row],[קוד מעמד]]="1 ",IFERROR(VLOOKUP(HEVARIM[[#This Row],[קוד תקציב]],'תקציב צביעה - לקראת השינוי'!A:F,6,0),0)/COUNTIFS(HEVARIM[קוד תקציב],HEVARIM[[#This Row],[קוד תקציב]],HEVARIM[קוד מעמד],"1 "),0) -> 6562.5 | AS313: =IF(HEVARIM[[#This Row],[קוד מעמד]]="1 ",IFERROR(VLOOKUP(HEVARIM[[#This Row],[קוד תקציב]],'תקציב צביעה - לקראת השינוי'!A:F,4,0),0),0) -> 2028
A314: 11021 | B314: כפיר קלי | C314: כפיר | D314: קלי | E314: ז | F314: 17079 | G314: 79 | H314: 1102 | I314: כפיר קלי ויהודית | J314: פתוח | K314: חבר | L314: 075928754 | M314: 11021 | N314: כפיר קלי | O314: =IFERROR(VLOOKUP(HEVARIM[[#This Row],[קוד תקציב]],[2]תקציבים!A:L,6,0),0) -> 2 | P314: 1 | Q314: חבר ^חבר | R314: 27759 | S314: נשוי | T314: 1102 | U314: =VLOOKUP(HEVARIM[[#This Row],[גיל]],GIL,2,1) -> -- | V314: =IF(HEVARIM[[#This Row],[קוד מעמד]]="4 ",IF(HEVARIM[[#This Row],[גיל]]=1,1,IF(HEVARIM[[#This Row],[גיל]]<=5,5,18)),"") | W314: =IF(G314<67,0, IF(O314=1, IF(G314>=80,1896-231,1795-231), IF(O314=2, IF(G314>=80,2899-332,2697-332), 0)) ) -> 2365 | X314: =IF(AND(HEVARIM[[#This Row],[מין]]="ז ",HEVARIM[[#This Row],[גיל]]>67),'[2]ריכוז נתונים'!$AB$2,IF(AND(HEVARIM[[#This Row],[מין]]="נ ",HEVARIM[[#This Row],[גיל]]>62),'[2]ריכוז נתונים'!$AB$2,0)) -> 7500 | Y314: =IF(HEVARIM[[#This Row],[מצב משפחתי2]]="אלמן",'[2]ריכוז נתונים'!$AC$2,0) -> 0 | Z314: =VLOOKUP(VALUE(HEVARIM[[#This Row],[קוד מעמד]]),הנחות!$I$2:$K$21,3,0) -> 0 | AA314: =ISERROR(VLOOKUP(HEVARIM[[#This Row],[קוד תקציב]],'[2]ריכוז נתונים'!A:A,1,0)) -> FALSE | AB314: =IF(AND($G314>=AC$2,$G314<=AC$3,$E314="ז ",$Z314=1),AC$4*(($G314-AC$2)/(AC$3-AC$2)),0) -> 0 | AC314: =IF(HEVARIM[[#This Row],[בר מצוה]]>0,YEAR(TODAY())+'תקציבים מיוחדים'!$F$5-HEVARIM[[#This Row],[גיל]],0) -> 0 | AD314: =IF(AND($G314>=AE$2,$G314<=AE$3,$E314="נ ",$Z314=1),AE$4*(($G314-AE$2)/(AE$3-AE$2)),0) -> 0 | AE314: =IF(HEVARIM[[#This Row],[בת מצוה]]>0,YEAR(TODAY())+'תקציבים מיוחדים'!$F$5-HEVARIM[[#This Row],[גיל]],0) -> 0 | AF314: =IF(AND($S314>="רווק",$Z314=1),AF$4*IF(HEVARIM[[#This Row],[גיל]]>$AF$3,1,(($G314-AF$2)/(AF$3-AF$2))),0) -> 0 | AG314: =IF(HEVARIM[[#This Row],[מענק חתונה]]>0,IF(HEVARIM[[#This Row],[גיל]]>'תקציבים מיוחדים'!$F$6,2025,YEAR(TODAY())+'תקציבים מיוחדים'!$F$6-HEVARIM[[#This Row],[גיל]]),0) -> 0 | AH314: =IF(AND($G314>=AI$2,$G314<=AI$3,$Z314=1),AI$4*(($G314-AI$2)/(AI$3-AI$2)),0) -> 0 | AI314: =IF(AH314>0,YEAR(TODAY())+'תקציבים מיוחדים'!$F$7-HEVARIM[[#This Row],[גיל]],0) -> 0 | AJ314: =IF(AND(ISERROR(VLOOKUP(H314,'[2]ריכוז נתונים'!A:L,1,0)),P314="1 "),1,0) -> 0 | AK314: =IF(VALUE(HEVARIM[[#This Row],[קוד מעמד]])=1,VLOOKUP((IF(LEFT(HEVARIM[[#This Row],[קוד חבר]],1)="0",HEVARIM[[#This Row],[קוד חבר]],VALUE(HEVARIM[[#This Row],[קוד חבר]]))),'ותק חברה 40'!AQ:AW,7,0),"") -> 41.78 | AL314: =IF(AND(VALUE(HEVARIM[[#This Row],[קוד מעמד]])=1,HEVARIM[[#This Row],[ותק מחברה 40]]<25),HEVARIM[[#This Row],[ותק מחברה 40]]/25*הנחות!$C$4,0) -> 0 | AM314: =IF(HEVARIM[[#This Row],[דמי עזיבה 25 שנות ותק]]>0,YEAR(TODAY())+25-ROUNDDOWN(HEVARIM[[#This Row],[ותק מחברה 40]],0),"") | AN314: =IF(AND(VALUE(HEVARIM[[#This Row],[קוד מעמד]])=1,HEVARIM[[#This Row],[ותק מחברה 40]]>25,HEVARIM[[#This Row],[גיל]]<65),הנחות!$C$14+(HEVARIM[[#This Row],[ותק מחברה 40]]-25)*הנחות!$C$10*0.25,0) -> 0 | AO314: =IF(HEVARIM[[#This Row],[דמי עזיבה לגיל 65]]>0,YEAR(TODAY())+64-ROUNDDOWN(HEVARIM[[#This Row],[גיל]],0),"") | AP314: =SUMIF(HEVARIM[קוד תקציב],HEVARIM[[#This Row],[קוד תקציב משפחה מקורי]],HEVARIM[ותק מחברה 40]) -> 86.03 | AQ314: =IF(AND(HEVARIM[[#This Row],[גיל]]>HEVARIM[[#This Row],[ותק הורים]],OR(HEVARIM[[#This Row],[בר מצוה]]>0,HEVARIM[[#This Row],[בת מצוה]]>0,HEVARIM[[#This Row],[מענק חתונה]]>0,HEVARIM[[#This Row],[מענק לימודים]]>0)),1,0) -> 0 | AR314: =IF(HEVARIM[[#This Row],[קוד מעמד]]="1 ",IFERROR(VLOOKUP(HEVARIM[[#This Row],[קוד תקציב]],'תקציב צביעה - לקראת השינוי'!A:F,6,0),0)/COUNTIFS(HEVARIM[קוד תקציב],HEVARIM[[#This Row],[קוד תקציב]],HEVARIM[קוד מעמד],"1 "),0) -> 1406.25 | AS314: =IF(HEVARIM[[#This Row],[קוד מעמד]]="1 ",IFERROR(VLOOKUP(HEVARIM[[#This Row],[קוד תקציב]],'תקציב צביעה - לקראת השינוי'!A:F,4,0),0),0) -> 2032
A315: 11042 | B315: כהן נחמי | C315: כהן | D315: נחמי | E315: נ | F315: 20866 | G315: 68 | H315: 1104 | I315: כהן דוד ונחמי | J315: פתוח | K315: חבר | L315: 054719026 | M315: 11041 | N315: כהן דוד | O315: =IFERROR(VLOOKUP(HEVARIM[[#This Row],[קוד תקציב]],[2]תקציבים!A:L,6,0),0) -> 2 | P315: 1 | Q315: חבר ^חבר | R315: 28855 | S315: נשוי | T315: 1104 | U315: =VLOOKUP(HEVARIM[[#This Row],[גיל]],GIL,2,1) -> -- | V315: =IF(HEVARIM[[#This Row],[קוד מעמד]]="4 ",IF(HEVARIM[[#This Row],[גיל]]=1,1,IF(HEVARIM[[#This Row],[גיל]]<=5,5,18)),"") | W315: =IF(G315<67,0, IF(O315=1, IF(G315>=80,1896-231,1795-231), IF(O315=2, IF(G315>=80,2899-332,2697-332), 0)) ) -> 2365 | X315: =IF(AND(HEVARIM[[#This Row],[מין]]="ז ",HEVARIM[[#This Row],[גיל]]>67),'[2]ריכוז נתונים'!$AB$2,IF(AND(HEVARIM[[#This Row],[מין]]="נ ",HEVARIM[[#This Row],[גיל]]>62),'[2]ריכוז נתונים'!$AB$2,0)) -> 7500 | Y315: =IF(HEVARIM[[#This Row],[מצב משפחתי2]]="אלמן",'[2]ריכוז נתונים'!$AC$2,0) -> 0 | Z315: =VLOOKUP(VALUE(HEVARIM[[#This Row],[קוד מעמד]]),הנחות!$I$2:$K$21,3,0) -> 0 | AA315: =ISERROR(VLOOKUP(HEVARIM[[#This Row],[קוד תקציב]],'[2]ריכוז נתונים'!A:A,1,0)) -> FALSE | AB315: =IF(AND($G315>=AC$2,$G315<=AC$3,$E315="ז ",$Z315=1),AC$4*(($G315-AC$2)/(AC$3-AC$2)),0) -> 0 | AC315: =IF(HEVARIM[[#This Row],[בר מצוה]]>0,YEAR(TODAY())+'תקציבים מיוחדים'!$F$5-HEVARIM[[#This Row],[גיל]],0) -> 0 | AD315: =IF(AND($G315>=AE$2,$G315<=AE$3,$E315="נ ",$Z315=1),AE$4*(($G315-AE$2)/(AE$3-AE$2)),0) -> 0 | AE315: =IF(HEVARIM[[#This Row],[בת מצוה]]>0,YEAR(TODAY())+'תקציבים מיוחדים'!$F$5-HEVARIM[[#This Row],[גיל]],0) -> 0 | AF315: =IF(AND($S315>="רווק",$Z315=1),AF$4*IF(HEVARIM[[#This Row],[גיל]]>$AF$3,1,(($G315-AF$2)/(AF$3-AF$2))),0) -> 0 | AG315: =IF(HEVARIM[[#This Row],[מענק חתונה]]>0,IF(HEVARIM[[#This Row],[גיל]]>'תקציבים מיוחדים'!$F$6,2025,YEAR(TODAY())+'תקציבים מיוחדים'!$F$6-HEVARIM[[#This Row],[גיל]]),0) -> 0 | AH315: =IF(AND($G315>=AI$2,$G315<=AI$3,$Z315=1),AI$4*(($G315-AI$2)/(AI$3-AI$2)),0) -> 0 | AI315: =IF(AH315>0,YEAR(TODAY())+'תקציבים מיוחדים'!$F$7-HEVARIM[[#This Row],[גיל]],0) -> 0 | AJ315: =IF(AND(ISERROR(VLOOKUP(H315,'[2]ריכוז נתונים'!A:L,1,0)),P315="1 "),1,0) -> 0 | AK315: =IF(VALUE(HEVARIM[[#This Row],[קוד מעמד]])=1,VLOOKUP((IF(LEFT(HEVARIM[[#This Row],[קוד חבר]],1)="0",HEVARIM[[#This Row],[קוד חבר]],VALUE(HEVARIM[[#This Row],[קוד חבר]]))),'ותק חברה 40'!AQ:AW,7,0),"") -> 45.08 | AL315: =IF(AND(VALUE(HEVARIM[[#This Row],[קוד מעמד]])=1,HEVARIM[[#This Row],[ותק מחברה 40]]<25),HEVARIM[[#This Row],[ותק מחברה 40]]/25*הנחות!$C$4,0) -> 0 | AM315: =IF(HEVARIM[[#This Row],[דמי עזיבה 25 שנות ותק]]>0,YEAR(TODAY())+25-ROUNDDOWN(HEVARIM[[#This Row],[ותק מחברה 40]],0),"") | AN315: =IF(AND(VALUE(HEVARIM[[#This Row],[קוד מעמד]])=1,HEVARIM[[#This Row],[ותק מחברה 40]]>25,HEVARIM[[#This Row],[גיל]]<65),הנחות!$C$14+(HEVARIM[[#This Row],[ותק מחברה 40]]-25)*הנחות!$C$10*0.25,0) -> 0 | AO315: =IF(HEVARIM[[#This Row],[דמי עזיבה לגיל 65]]>0,YEAR(TODAY())+64-ROUNDDOWN(HEVARIM[[#This Row],[גיל]],0),"") | AP315: =SUMIF(HEVARIM[קוד תקציב],HEVARIM[[#This Row],[קוד תקציב משפחה מקורי]],HEVARIM[ותק מחברה 40]) -> 93.08 | AQ315: =IF(AND(HEVARIM[[#This Row],[גיל]]>HEVARIM[[#This Row],[ותק הורים]],OR(HEVARIM[[#This Row],[בר מצוה]]>0,HEVARIM[[#This Row],[בת מצוה]]>0,HEVARIM[[#This Row],[מענק חתונה]]>0,HEVARIM[[#This Row],[מענק לימודים]]>0)),1,0) -> 0 | AR315: =IF(HEVARIM[[#This Row],[קוד מעמד]]="1 ",IFERROR(VLOOKUP(HEVARIM[[#This Row],[קוד תקציב]],'תקציב צביעה - לקראת השינוי'!A:F,6,0),0)/COUNTIFS(HEVARIM[קוד תקציב],HEVARIM[[#This Row],[קוד תקציב]],HEVARIM[קוד מעמד],"1 "),0) -> 3281.25 | AS315: =IF(HEVARIM[[#This Row],[קוד מעמד]]="1 ",IFERROR(VLOOKUP(HEVARIM[[#This Row],[קוד תקציב]],'תקציב צביעה - לקראת השינוי'!A:F,4,0),0),0) -> 2028
A316: 11071 | B316: כהן יונתן | C316: כהן | D316: יונתן | E316: ז | F316: 27925 | G316: 49 | H316: 1107 | I316: כהן יוני וטלי | J316: פתוח | K316: חבר | L316: 011815164 | M316: 11071 | N316: כהן יונתן | O316: =IFERROR(VLOOKUP(HEVARIM[[#This Row],[קוד תקציב]],[2]תקציבים!A:L,6,0),0) -> 2 | P316: 1 | Q316: חבר ^חבר | R316: 44046 | S316: נשוי | T316: 1107 | U316: =VLOOKUP(HEVARIM[[#This Row],[גיל]],GIL,2,1) -> -- | V316: =IF(HEVARIM[[#This Row],[קוד מעמד]]="4 ",IF(HEVARIM[[#This Row],[גיל]]=1,1,IF(HEVARIM[[#This Row],[גיל]]<=5,5,18)),"") | W316: =IF(G316<67,0, IF(O316=1, IF(G316>=80,1896-231,1795-231), IF(O316=2, IF(G316>=80,2899-332,2697-332), 0)) ) -> 0 | X316: =IF(AND(HEVARIM[[#This Row],[מין]]="ז ",HEVARIM[[#This Row],[גיל]]>67),'[2]ריכוז נתונים'!$AB$2,IF(AND(HEVARIM[[#This Row],[מין]]="נ ",HEVARIM[[#This Row],[גיל]]>62),'[2]ריכוז נתונים'!$AB$2,0)) -> 0 | Y316: =IF(HEVARIM[[#This Row],[מצב משפחתי2]]="אלמן",'[2]ריכוז נתונים'!$AC$2,0) -> 0 | Z316: =VLOOKUP(VALUE(HEVARIM[[#This Row],[קוד מעמד]]),הנחות!$I$2:$K$21,3,0) -> 0 | AA316: =ISERROR(VLOOKUP(HEVARIM[[#This Row],[קוד תקציב]],'[2]ריכוז נתונים'!A:A,1,0)) -> FALSE | AB316: =IF(AND($G316>=AC$2,$G316<=AC$3,$E316="ז ",$Z316=1),AC$4*(($G316-AC$2)/(AC$3-AC$2)),0) -> 0 | AC316: =IF(HEVARIM[[#This Row],[בר מצוה]]>0,YEAR(TODAY())+'תקציבים מיוחדים'!$F$5-HEVARIM[[#This Row],[גיל]],0) -> 0 | AD316: =IF(AND($G316>=AE$2,$G316<=AE$3,$E316="נ ",$Z316=1),AE$4*(($G316-AE$2)/(AE$3-AE$2)),0) -> 0 | AE316: =IF(HEVARIM[[#This Row],[בת מצוה]]>0,YEAR(TODAY())+'תקציבים מיוחדים'!$F$5-HEVARIM[[#This Row],[גיל]],0) -> 0 | AF316: =IF(AND($S316>="רווק",$Z316=1),AF$4*IF(HEVARIM[[#This Row],[גיל]]>$AF$3,1,(($G316-AF$2)/(AF$3-AF$2))),0) -> 0 | AG316: =IF(HEVARIM[[#This Row],[מענק חתונה]]>0,IF(HEVARIM[[#This Row],[גיל]]>'תקציבים מיוחדים'!$F$6,2025,YEAR(TODAY())+'תקציבים מיוחדים'!$F$6-HEVARIM[[#This Row],[גיל]]),0) -> 0 | AH316: =IF(AND($G316>=AI$2,$G316<=AI$3,$Z316=1),AI$4*(($G316-AI$2)/(AI$3-AI$2)),0) -> 0 | AI316: =IF(AH316>0,YEAR(TODAY())+'תקציבים מיוחדים'!$F$7-HEVARIM[[#This Row],[גיל]],0) -> 0 | AJ316: =IF(AND(ISERROR(VLOOKUP(H316,'[2]ריכוז נתונים'!A:L,1,0)),P316="1 "),1,0) -> 0 | AK316: =IF(VALUE(HEVARIM[[#This Row],[קוד מעמד]])=1,VLOOKUP((IF(LEFT(HEVARIM[[#This Row],[קוד חבר]],1)="0",HEVARIM[[#This Row],[קוד חבר]],VALUE(HEVARIM[[#This Row],[קוד חבר]]))),'ותק חברה 40'!AQ:AW,7,0),"") -> 13.73 | AL316: =IF(AND(VALUE(HEVARIM[[#This Row],[קוד מעמד]])=1,HEVARIM[[#This Row],[ותק מחברה 40]]<25),HEVARIM[[#This Row],[ותק מחברה 40]]/25*הנחות!$C$4,0) -> 20614.009 | AM316: =IF(HEVARIM[[#This Row],[דמי עזיבה 25 שנות ותק]]>0,YEAR(TODAY())+25-ROUNDDOWN(HEVARIM[[#This Row],[ותק מחברה 40]],0),"") -> 2038 | AN316: =IF(AND(VALUE(HEVARIM[[#This Row],[קוד מעמד]])=1,HEVARIM[[#This Row],[ותק מחברה 40]]>25,HEVARIM[[#This Row],[גיל]]<65),הנחות!$C$14+(HEVARIM[[#This Row],[ותק מחברה 40]]-25)*הנחות!$C$10*0.25,0) -> 0 | AO316: =IF(HEVARIM[[#This Row],[דמי עזיבה לגיל 65]]>0,YEAR(TODAY())+64-ROUNDDOWN(HEVARIM[[#This Row],[גיל]],0),"") | AP316: =SUMIF(HEVARIM[קוד תקציב],HEVARIM[[#This Row],[קוד תקציב משפחה מקורי]],HEVARIM[ותק מחברה 40]) -> 32.22 | AQ316: =IF(AND(HEVARIM[[#This Row],[גיל]]>HEVARIM[[#This Row],[ותק הורים]],OR(HEVARIM[[#This Row],[בר מצוה]]>0,HEVARIM[[#This Row],[בת מצוה]]>0,HEVARIM[[#This Row],[מענק חתונה]]>0,HEVARIM[[#This Row],[מענק לימודים]]>0)),1,0) -> 0 | AR316: =IF(HEVARIM[[#This Row],[קוד מעמד]]="1 ",IFERROR(VLOOKUP(HEVARIM[[#This Row],[קוד תקציב]],'תקציב צביעה - לקראת השינוי'!A:F,6,0),0)/COUNTIFS(HEVARIM[קוד תקציב],HEVARIM[[#This Row],[קוד תקציב]],HEVARIM[קוד מעמד],"1 "),0) -> 468.75 | AS316: =IF(HEVARIM[[#This Row],[קוד מעמד]]="1 ",IFERROR(VLOOKUP(HEVARIM[[#This Row],[קוד תקציב]],'תקציב צביעה - לקראת השינוי'!A:F,4,0),0),0) -> 2034
A317: 11073 | B317: כהן יאיר | C317: כהן | D317: יאיר | E317: ז | F317: 39876 | G317: 16 | H317: 1107 | I317: כהן יוני וטלי | J317: פתוח | K317: חבר | L317: 218265650 | M317: 11071 | N317: כהן יונתן | O317: =IFERROR(VLOOKUP(HEVARIM[[#This Row],[קוד תקציב]],[2]תקציבים!A:L,6,0),0) -> 2 | P317: 4 | Q317: ילד | R317: 44047 | S317: רווק | T317: 1107 | U317: =VLOOKUP(HEVARIM[[#This Row],[גיל]],GIL,2,1) -> תיכון | V317: =IF(HEVARIM[[#This Row],[קוד מעמד]]="4 ",IF(HEVARIM[[#This Row],[גיל]]=1,1,IF(HEVARIM[[#This Row],[גיל]]<=5,5,18)),"") -> 18 | W317: =IF(G317<67,0, IF(O317=1, IF(G317>=80,1896-231,1795-231), IF(O317=2, IF(G317>=80,2899-332,2697-332), 0)) ) -> 0 | X317: =IF(AND(HEVARIM[[#This Row],[מין]]="ז ",HEVARIM[[#This Row],[גיל]]>67),'[2]ריכוז נתונים'!$AB$2,IF(AND(HEVARIM[[#This Row],[מין]]="נ ",HEVARIM[[#This Row],[גיל]]>62),'[2]ריכוז נתונים'!$AB$2,0)) -> 0 | Y317: =IF(HEVARIM[[#This Row],[מצב משפחתי2]]="אלמן",'[2]ריכוז נתונים'!$AC$2,0) -> 0 | Z317: =VLOOKUP(VALUE(HEVARIM[[#This Row],[קוד מעמד]]),הנחות!$I$2:$K$21,3,0) -> 1 | AA317: =ISERROR(VLOOKUP(HEVARIM[[#This Row],[קוד תקציב]],'[2]ריכוז נתונים'!A:A,1,0)) -> FALSE | AB317: =IF(AND($G317>=AC$2,$G317<=AC$3,$E317="ז ",$Z317=1),AC$4*(($G317-AC$2)/(AC$3-AC$2)),0) -> 0 | AC317: =IF(HEVARIM[[#This Row],[בר מצוה]]>0,YEAR(TODAY())+'תקציבים מיוחדים'!$F$5-HEVARIM[[#This Row],[גיל]],0) -> 0 | AD317: =IF(AND($G317>=AE$2,$G317<=AE$3,$E317="נ ",$Z317=1),AE$4*(($G317-AE$2)/(AE$3-AE$2)),0) -> 0 | AE317: =IF(HEVARIM[[#This Row],[בת מצוה]]>0,YEAR(TODAY())+'תקציבים מיוחדים'!$F$5-HEVARIM[[#This Row],[גיל]],0) -> 0 | AF317: =IF(AND($S317>="רווק",$Z317=1),AF$4*IF(HEVARIM[[#This Row],[גיל]]>$AF$3,1,(($G317-AF$2)/(AF$3-AF$2))),0) -> 46104.762 | AG317: =IF(HEVARIM[[#This Row],[מענק חתונה]]>0,IF(HEVARIM[[#This Row],[גיל]]>'תקציבים מיוחדים'!$F$6,2025,YEAR(TODAY())+'תקציבים מיוחדים'!$F$6-HEVARIM[[#This Row],[גיל]]),0) -> 2031 | AH317: =IF(AND($G317>=AI$2,$G317<=AI$3,$Z317=1),AI$4*(($G317-AI$2)/(AI$3-AI$2)),0) -> 80448.381 | AI317: =IF(AH317>0,YEAR(TODAY())+'תקציבים מיוחדים'!$F$7-HEVARIM[[#This Row],[גיל]],0) -> 2031 | AJ317: =IF(AND(ISERROR(VLOOKUP(H317,'[2]ריכוז נתונים'!A:L,1,0)),P317="1 "),1,0) -> 0 | AK317: =IF(VALUE(HEVARIM[[#This Row],[קוד מעמד]])=1,VLOOKUP((IF(LEFT(HEVARIM[[#This Row],[קוד חבר]],1)="0",HEVARIM[[#This Row],[קוד חבר]],VALUE(HEVARIM[[#This Row],[קוד חבר]]))),'ותק חברה 40'!AQ:AW,7,0),"") | AL317: =IF(AND(VALUE(HEVARIM[[#This Row],[קוד מעמד]])=1,HEVARIM[[#This Row],[ותק מחברה 40]]<25),HEVARIM[[#This Row],[ותק מחברה 40]]/25*הנחות!$C$4,0) -> 0 | AM317: =IF(HEVARIM[[#This Row],[דמי עזיבה 25 שנות ותק]]>0,YEAR(TODAY())+25-ROUNDDOWN(HEVARIM[[#This Row],[ותק מחברה 40]],0),"") | AN317: =IF(AND(VALUE(HEVARIM[[#This Row],[קוד מעמד]])=1,HEVARIM[[#This Row],[ותק מחברה 40]]>25,HEVARIM[[#This Row],[גיל]]<65),הנחות!$C$14+(HEVARIM[[#This Row],[ותק מחברה 40]]-25)*הנחות!$C$10*0.25,0) -> 0 | AO317: =IF(HEVARIM[[#This Row],[דמי עזיבה לגיל 65]]>0,YEAR(TODAY())+64-ROUNDDOWN(HEVARIM[[#This Row],[גיל]],0),"") | AP317: =SUMIF(HEVARIM[קוד תקציב],HEVARIM[[#This Row],[קוד תקציב משפחה מקורי]],HEVARIM[ותק מחברה 40]) -> 32.22 | AQ317: =IF(AND(HEVARIM[[#This Row],[גיל]]>HEVARIM[[#This Row],[ותק הורים]],OR(HEVARIM[[#This Row],[בר מצוה]]>0,HEVARIM[[#This Row],[בת מצוה]]>0,HEVARIM[[#This Row],[מענק חתונה]]>0,HEVARIM[[#This Row],[מענק לימודים]]>0)),1,0) -> 0 | AR317: =IF(HEVARIM[[#This Row],[קוד מעמד]]="1 ",IFERROR(VLOOKUP(HEVARIM[[#This Row],[קוד תקציב]],'תקציב צביעה - לקראת השינוי'!A:F,6,0),0)/COUNTIFS(HEVARIM[קוד תקציב],HEVARIM[[#This Row],[קוד תקציב]],HEVARIM[קוד מעמד],"1 "),0) -> 0 | AS317: =IF(HEVARIM[[#This Row],[קוד מעמד]]="1 ",IFERROR(VLOOKUP(HEVARIM[[#This Row],[קוד תקציב]],'תקציב צביעה - לקראת השינוי'!A:F,4,0),0),0) -> 0
A318: 11074 | B318: כהן רון ישראל | C318: כהן | D318: רון ישראל | E318: ז | F318: 40440 | G318: 15 | H318: 1107 | I318: כהן יוני וטלי | J318: פתוח | K318: חבר | L318: 334874633 | M318: 11071 | N318: כהן יונתן | O318: =IFERROR(VLOOKUP(HEVARIM[[#This Row],[קוד תקציב]],[2]תקציבים!A:L,6,0),0) -> 2 | P318: 4 | Q318: ילד | R318: 44047 | S318: רווק | T318: 1107 | U318: =VLOOKUP(HEVARIM[[#This Row],[גיל]],GIL,2,1) -> תיכון | V318: =IF(HEVARIM[[#This Row],[קוד מעמד]]="4 ",IF(HEVARIM[[#This Row],[גיל]]=1,1,IF(HEVARIM[[#This Row],[גיל]]<=5,5,18)),"") -> 18 | W318: =IF(G318<67,0, IF(O318=1, IF(G318>=80,1896-231,1795-231), IF(O318=2, IF(G318>=80,2899-332,2697-332), 0)) ) -> 0 | X318: =IF(AND(HEVARIM[[#This Row],[מין]]="ז ",HEVARIM[[#This Row],[גיל]]>67),'[2]ריכוז נתונים'!$AB$2,IF(AND(HEVARIM[[#This Row],[מין]]="נ ",HEVARIM[[#This Row],[גיל]]>62),'[2]ריכוז נתונים'!$AB$2,0)) -> 0 | Y318: =IF(HEVARIM[[#This Row],[מצב משפחתי2]]="אלמן",'[2]ריכוז נתונים'!$AC$2,0) -> 0 | Z318: =VLOOKUP(VALUE(HEVARIM[[#This Row],[קוד מעמד]]),הנחות!$I$2:$K$21,3,0) -> 1 | AA318: =ISERROR(VLOOKUP(HEVARIM[[#This Row],[קוד תקציב]],'[2]ריכוז נתונים'!A:A,1,0)) -> FALSE | AB318: =IF(AND($G318>=AC$2,$G318<=AC$3,$E318="ז ",$Z318=1),AC$4*(($G318-AC$2)/(AC$3-AC$2)),0) -> 0 | AC318: =IF(HEVARIM[[#This Row],[בר מצוה]]>0,YEAR(TODAY())+'תקציבים מיוחדים'!$F$5-HEVARIM[[#This Row],[גיל]],0) -> 0 | AD318: =IF(AND($G318>=AE$2,$G318<=AE$3,$E318="נ ",$Z318=1),AE$4*(($G318-AE$2)/(AE$3-AE$2)),0) -> 0 | AE318: =IF(HEVARIM[[#This Row],[בת מצוה]]>0,YEAR(TODAY())+'תקציבים מיוחדים'!$F$5-HEVARIM[[#This Row],[גיל]],0) -> 0 | AF318: =IF(AND($S318>="רווק",$Z318=1),AF$4*IF(HEVARIM[[#This Row],[גיל]]>$AF$3,1,(($G318-AF$2)/(AF$3-AF$2))),0) -> 43223.214 | AG318: =IF(HEVARIM[[#This Row],[מענק חתונה]]>0,IF(HEVARIM[[#This Row],[גיל]]>'תקציבים מיוחדים'!$F$6,2025,YEAR(TODAY())+'תקציבים מיוחדים'!$F$6-HEVARIM[[#This Row],[גיל]]),0) -> 2032 | AH318: =IF(AND($G318>=AI$2,$G318<=AI$3,$Z318=1),AI$4*(($G318-AI$2)/(AI$3-AI$2)),0) -> 75420.357 | AI318: =IF(AH318>0,YEAR(TODAY())+'תקציבים מיוחדים'!$F$7-HEVARIM[[#This Row],[גיל]],0) -> 2032 | AJ318: =IF(AND(ISERROR(VLOOKUP(H318,'[2]ריכוז נתונים'!A:L,1,0)),P318="1 "),1,0) -> 0 | AK318: =IF(VALUE(HEVARIM[[#This Row],[קוד מעמד]])=1,VLOOKUP((IF(LEFT(HEVARIM[[#This Row],[קוד חבר]],1)="0",HEVARIM[[#This Row],[קוד חבר]],VALUE(HEVARIM[[#This Row],[קוד חבר]]))),'ותק חברה 40'!AQ:AW,7,0),"") | AL318: =IF(AND(VALUE(HEVARIM[[#This Row],[קוד מעמד]])=1,HEVARIM[[#This Row],[ותק מחברה 40]]<25),HEVARIM[[#This Row],[ותק מחברה 40]]/25*הנחות!$C$4,0) -> 0 | AM318: =IF(HEVARIM[[#This Row],[דמי עזיבה 25 שנות ותק]]>0,YEAR(TODAY())+25-ROUNDDOWN(HEVARIM[[#This Row],[ותק מחברה 40]],0),"") | AN318: =IF(AND(VALUE(HEVARIM[[#This Row],[קוד מעמד]])=1,HEVARIM[[#This Row],[ותק מחברה 40]]>25,HEVARIM[[#This Row],[גיל]]<65),הנחות!$C$14+(HEVARIM[[#This Row],[ותק מחברה 40]]-25)*הנחות!$C$10*0.25,0) -> 0 | AO318: =IF(HEVARIM[[#This Row],[דמי עזיבה לגיל 65]]>0,YEAR(TODAY())+64-ROUNDDOWN(HEVARIM[[#This Row],[גיל]],0),"") | AP318: =SUMIF(HEVARIM[קוד תקציב],HEVARIM[[#This Row],[קוד תקציב משפחה מקורי]],HEVARIM[ותק מחברה 40]) -> 32.22 | AQ318: =IF(AND(HEVARIM[[#This Row],[גיל]]>HEVARIM[[#This Row],[ותק הורים]],OR(HEVARIM[[#This Row],[בר מצוה]]>0,HEVARIM[[#This Row],[בת מצוה]]>0,HEVARIM[[#This Row],[מענק חתונה]]>0,HEVARIM[[#This Row],[מענק לימודים]]>0)),1,0) -> 0 | AR318: =IF(HEVARIM[[#This Row],[קוד מעמד]]="1 ",IFERROR(VLOOKUP(HEVARIM[[#This Row],[קוד תקציב]],'תקציב צביעה - לקראת השינוי'!A:F,6,0),0)/COUNTIFS(HEVARIM[קוד תקציב],HEVARIM[[#This Row],[קוד תקציב]],HEVARIM[קוד מעמד],"1 "),0) -> 0 | AS318: =IF(HEVARIM[[#This Row],[קוד מעמד]]="1 ",IFERROR(VLOOKUP(HEVARIM[[#This Row],[קוד תקציב]],'תקציב צביעה - לקראת השינוי'!A:F,4,0),0),0) -> 0
A319: 11075 | B319: כהן נעם | C319: כהן | D319: נעם | E319: ז | F319: 41175 | G319: 13 | H319: 1107 | I319: כהן יוני וטלי | J319: פתוח | K319: חבר | L319: 221159619 | M319: 11071 | N319: כהן יונתן | O319: =IFERROR(VLOOKUP(HEVARIM[[#This Row],[קוד תקציב]],[2]תקציבים!A:L,6,0),0) -> 2 | P319: 4 | Q319: ילד | R319: 44047 | S319: רווק | T319: 1107 | U319: =VLOOKUP(HEVARIM[[#This Row],[גיל]],GIL,2,1) -> חטיבה | V319: =IF(HEVARIM[[#This Row],[קוד מעמד]]="4 ",IF(HEVARIM[[#This Row],[גיל]]=1,1,IF(HEVARIM[[#This Row],[גיל]]<=5,5,18)),"") -> 18 | W319: =IF(G319<67,0, IF(O319=1, IF(G319>=80,1896-231,1795-231), IF(O319=2, IF(G319>=80,2899-332,2697-332), 0)) ) -> 0 | X319: =IF(AND(HEVARIM[[#This Row],[מין]]="ז ",HEVARIM[[#This Row],[גיל]]>67),'[2]ריכוז נתונים'!$AB$2,IF(AND(HEVARIM[[#This Row],[מין]]="נ ",HEVARIM[[#This Row],[גיל]]>62),'[2]ריכוז נתונים'!$AB$2,0)) -> 0 | Y319: =IF(HEVARIM[[#This Row],[מצב משפחתי2]]="אלמן",'[2]ריכוז נתונים'!$AC$2,0) -> 0 | Z319: =VLOOKUP(VALUE(HEVARIM[[#This Row],[קוד מעמד]]),הנחות!$I$2:$K$21,3,0) -> 1 | AA319: =ISERROR(VLOOKUP(HEVARIM[[#This Row],[קוד תקציב]],'[2]ריכוז נתונים'!A:A,1,0)) -> FALSE | AB319: =IF(AND($G319>=AC$2,$G319<=AC$3,$E319="ז ",$Z319=1),AC$4*(($G319-AC$2)/(AC$3-AC$2)),0) -> 7165 | AC319: =IF(HEVARIM[[#This Row],[בר מצוה]]>0,YEAR(TODAY())+'תקציבים מיוחדים'!$F$5-HEVARIM[[#This Row],[גיל]],0) -> 2026 | AD319: =IF(AND($G319>=AE$2,$G319<=AE$3,$E319="נ ",$Z319=1),AE$4*(($G319-AE$2)/(AE$3-AE$2)),0) -> 0 | AE319: =IF(HEVARIM[[#This Row],[בת מצוה]]>0,YEAR(TODAY())+'תקציבים מיוחדים'!$F$5-HEVARIM[[#This Row],[גיל]],0) -> 0 | AF319: =IF(AND($S319>="רווק",$Z319=1),AF$4*IF(HEVARIM[[#This Row],[גיל]]>$AF$3,1,(($G319-AF$2)/(AF$3-AF$2))),0) -> 37460.119 | AG319: =IF(HEVARIM[[#This Row],[מענק חתונה]]>0,IF(HEVARIM[[#This Row],[גיל]]>'תקציבים מיוחדים'!$F$6,2025,YEAR(TODAY())+'תקציבים מיוחדים'!$F$6-HEVARIM[[#This Row],[גיל]]),0) -> 2034 | AH319: =IF(AND($G319>=AI$2,$G319<=AI$3,$Z319=1),AI$4*(($G319-AI$2)/(AI$3-AI$2)),0) -> 65364.31 | AI319: =IF(AH319>0,YEAR(TODAY())+'תקציבים מיוחדים'!$F$7-HEVARIM[[#This Row],[גיל]],0) -> 2034 | AJ319: =IF(AND(ISERROR(VLOOKUP(H319,'[2]ריכוז נתונים'!A:L,1,0)),P319="1 "),1,0) -> 0 | AK319: =IF(VALUE(HEVARIM[[#This Row],[קוד מעמד]])=1,VLOOKUP((IF(LEFT(HEVARIM[[#This Row],[קוד חבר]],1)="0",HEVARIM[[#This Row],[קוד חבר]],VALUE(HEVARIM[[#This Row],[קוד חבר]]))),'ותק חברה 40'!AQ:AW,7,0),"") | AL319: =IF(AND(VALUE(HEVARIM[[#This Row],[קוד מעמד]])=1,HEVARIM[[#This Row],[ותק מחברה 40]]<25),HEVARIM[[#This Row],[ותק מחברה 40]]/25*הנחות!$C$4,0) -> 0 | AM319: =IF(HEVARIM[[#This Row],[דמי עזיבה 25 שנות ותק]]>0,YEAR(TODAY())+25-ROUNDDOWN(HEVARIM[[#This Row],[ותק מחברה 40]],0),"") | AN319: =IF(AND(VALUE(HEVARIM[[#This Row],[קוד מעמד]])=1,HEVARIM[[#This Row],[ותק מחברה 40]]>25,HEVARIM[[#This Row],[גיל]]<65),הנחות!$C$14+(HEVARIM[[#This Row],[ותק מחברה 40]]-25)*הנחות!$C$10*0.25,0) -> 0 | AO319: =IF(HEVARIM[[#This Row],[דמי עזיבה לגיל 65]]>0,YEAR(TODAY())+64-ROUNDDOWN(HEVARIM[[#This Row],[גיל]],0),"") | AP319: =SUMIF(HEVARIM[קוד תקציב],HEVARIM[[#This Row],[קוד תקציב משפחה מקורי]],HEVARIM[ותק מחברה 40]) -> 32.22 | AQ319: =IF(AND(HEVARIM[[#This Row],[גיל]]>HEVARIM[[#This Row],[ותק הורים]],OR(HEVARIM[[#This Row],[בר מצוה]]>0,HEVARIM[[#This Row],[בת מצוה]]>0,HEVARIM[[#This Row],[מענק חתונה]]>0,HEVARIM[[#This Row],[מענק לימודים]]>0)),1,0) -> 0 | AR319: =IF(HEVARIM[[#This Row],[קוד מעמד]]="1 ",IFERROR(VLOOKUP(HEVARIM[[#This Row],[קוד תקציב]],'תקציב צביעה - לקראת השינוי'!A:F,6,0),0)/COUNTIFS(HEVARIM[קוד תקציב],HEVARIM[[#This Row],[קוד תקציב]],HEVARIM[קוד מעמד],"1 "),0) -> 0 | AS319: =IF(HEVARIM[[#This Row],[קוד מעמד]]="1 ",IFERROR(VLOOKUP(HEVARIM[[#This Row],[קוד תקציב]],'תקציב צביעה - לקראת השינוי'!A:F,4,0),0),0) -> 0
A320: 11076 | B320: כהן ישי | C320: כהן | D320: ישי | E320: ז | F320: 42189 | G320: 10 | H320: 1107 | I320: כהן יוני וטלי | J320: פתוח | K320: חבר | L320: 340115138 | M320: 11071 | N320: כהן יונתן | O320: =IFERROR(VLOOKUP(HEVARIM[[#This Row],[קוד תקציב]],[2]תקציבים!A:L,6,0),0) -> 2 | P320: 4 | Q320: ילד | R320: 44047 | S320: רווק | T320: 1107 | U320: =VLOOKUP(HEVARIM[[#This Row],[גיל]],GIL,2,1) -> יסודי | V320: =IF(HEVARIM[[#This Row],[קוד מעמד]]="4 ",IF(HEVARIM[[#This Row],[גיל]]=1,1,IF(HEVARIM[[#This Row],[גיל]]<=5,5,18)),"") -> 18 | W320: =IF(G320<67,0, IF(O320=1, IF(G320>=80,1896-231,1795-231), IF(O320=2, IF(G320>=80,2899-332,2697-332), 0)) ) -> 0 | X320: =IF(AND(HEVARIM[[#This Row],[מין]]="ז ",HEVARIM[[#This Row],[גיל]]>67),'[2]ריכוז נתונים'!$AB$2,IF(AND(HEVARIM[[#This Row],[מין]]="נ ",HEVARIM[[#This Row],[גיל]]>62),'[2]ריכוז נתונים'!$AB$2,0)) -> 0 | Y320: =IF(HEVARIM[[#This Row],[מצב משפחתי2]]="אלמן",'[2]ריכוז נתונים'!$AC$2,0) -> 0 | Z320: =VLOOKUP(VALUE(HEVARIM[[#This Row],[קוד מעמד]]),הנחות!$I$2:$K$21,3,0) -> 1 | AA320: =ISERROR(VLOOKUP(HEVARIM[[#This Row],[קוד תקציב]],'[2]ריכוז נתונים'!A:A,1,0)) -> FALSE | AB320: =IF(AND($G320>=AC$2,$G320<=AC$3,$E320="ז ",$Z320=1),AC$4*(($G320-AC$2)/(AC$3-AC$2)),0) -> 5511.5385 | AC320: =IF(HEVARIM[[#This Row],[בר מצוה]]>0,YEAR(TODAY())+'תקציבים מיוחדים'!$F$5-HEVARIM[[#This Row],[גיל]],0) -> 2029 | AD320: =IF(AND($G320>=AE$2,$G320<=AE$3,$E320="נ ",$Z320=1),AE$4*(($G320-AE$2)/(AE$3-AE$2)),0) -> 0 | AE320: =IF(HEVARIM[[#This Row],[בת מצוה]]>0,YEAR(TODAY())+'תקציבים מיוחדים'!$F$5-HEVARIM[[#This Row],[גיל]],0) -> 0 | AF320: =IF(AND($S320>="רווק",$Z320=1),AF$4*IF(HEVARIM[[#This Row],[גיל]]>$AF$3,1,(($G320-AF$2)/(AF$3-AF$2))),0) -> 28815.476 | AG320: =IF(HEVARIM[[#This Row],[מענק חתונה]]>0,IF(HEVARIM[[#This Row],[גיל]]>'תקציבים מיוחדים'!$F$6,2025,YEAR(TODAY())+'תקציבים מיוחדים'!$F$6-HEVARIM[[#This Row],[גיל]]),0) -> 2037 | AH320: =IF(AND($G320>=AI$2,$G320<=AI$3,$Z320=1),AI$4*(($G320-AI$2)/(AI$3-AI$2)),0) -> 50280.238 | AI320: =IF(AH320>0,YEAR(TODAY())+'תקציבים מיוחדים'!$F$7-HEVARIM[[#This Row],[גיל]],0) -> 2037 | AJ320: =IF(AND(ISERROR(VLOOKUP(H320,'[2]ריכוז נתונים'!A:L,1,0)),P320="1 "),1,0) -> 0 | AK320: =IF(VALUE(HEVARIM[[#This Row],[קוד מעמד]])=1,VLOOKUP((IF(LEFT(HEVARIM[[#This Row],[קוד חבר]],1)="0",HEVARIM[[#This Row],[קוד חבר]],VALUE(HEVARIM[[#This Row],[קוד חבר]]))),'ותק חברה 40'!AQ:AW,7,0),"") | AL320: =IF(AND(VALUE(HEVARIM[[#This Row],[קוד מעמד]])=1,HEVARIM[[#This Row],[ותק מחברה 40]]<25),HEVARIM[[#This Row],[ותק מחברה 40]]/25*הנחות!$C$4,0) -> 0 | AM320: =IF(HEVARIM[[#This Row],[דמי עזיבה 25 שנות ותק]]>0,YEAR(TODAY())+25-ROUNDDOWN(HEVARIM[[#This Row],[ותק מחברה 40]],0),"") | AN320: =IF(AND(VALUE(HEVARIM[[#This Row],[קוד מעמד]])=1,HEVARIM[[#This Row],[ותק מחברה 40]]>25,HEVARIM[[#This Row],[גיל]]<65),הנחות!$C$14+(HEVARIM[[#This Row],[ותק מחברה 40]]-25)*הנחות!$C$10*0.25,0) -> 0 | AO320: =IF(HEVARIM[[#This Row],[דמי עזיבה לגיל 65]]>0,YEAR(TODAY())+64-ROUNDDOWN(HEVARIM[[#This Row],[גיל]],0),"") | AP320: =SUMIF(HEVARIM[קוד תקציב],HEVARIM[[#This Row],[קוד תקציב משפחה מקורי]],HEVARIM[ותק מחברה 40]) -> 32.22 | AQ320: =IF(AND(HEVARIM[[#This Row],[גיל]]>HEVARIM[[#This Row],[ותק הורים]],OR(HEVARIM[[#This Row],[בר מצוה]]>0,HEVARIM[[#This Row],[בת מצוה]]>0,HEVARIM[[#This Row],[מענק חתונה]]>0,HEVARIM[[#This Row],[מענק לימודים]]>0)),1,0) -> 0 | AR320: =IF(HEVARIM[[#This Row],[קוד מעמד]]="1 ",IFERROR(VLOOKUP(HEVARIM[[#This Row],[קוד תקציב]],'תקציב צביעה - לקראת השינוי'!A:F,6,0),0)/COUNTIFS(HEVARIM[קוד תקציב],HEVARIM[[#This Row],[קוד תקציב]],HEVARIM[קוד מעמד],"1 "),0) -> 0 | AS320: =IF(HEVARIM[[#This Row],[קוד מעמד]]="1 ",IFERROR(VLOOKUP(HEVARIM[[#This Row],[קוד תקציב]],'תקציב צביעה - לקראת השינוי'!A:F,4,0),0),0) -> 0
A321: 11077 | B321: כהן מעיין | C321: כהן | D321: מעיין | E321: נ | F321: 43173 | G321: 7 | H321: 1107 | I321: כהן יוני וטלי | J321: פתוח | K321: חבר | L321: 330021262 | M321: 11071 | N321: כהן יונתן | O321: =IFERROR(VLOOKUP(HEVARIM[[#This Row],[קוד תקציב]],[2]תקציבים!A:L,6,0),0) -> 2 | P321: 4 | Q321: ילד | R321: 44046 | S321: רווק | T321: 1107 | U321: =VLOOKUP(HEVARIM[[#This Row],[גיל]],GIL,2,1) -> יסודי | V321: =IF(HEVARIM[[#This Row],[קוד מעמד]]="4 ",IF(HEVARIM[[#This Row],[גיל]]=1,1,IF(HEVARIM[[#This Row],[גיל]]<=5,5,18)),"") -> 18 | W321: =IF(G321<67,0, IF(O321=1, IF(G321>=80,1896-231,1795-231), IF(O321=2, IF(G321>=80,2899-332,2697-332), 0)) ) -> 0 | X321: =IF(AND(HEVARIM[[#This Row],[מין]]="ז ",HEVARIM[[#This Row],[גיל]]>67),'[2]ריכוז נתונים'!$AB$2,IF(AND(HEVARIM[[#This Row],[מין]]="נ ",HEVARIM[[#This Row],[גיל]]>62),'[2]ריכוז נתונים'!$AB$2,0)) -> 0 | Y321: =IF(HEVARIM[[#This Row],[מצב משפחתי2]]="אלמן",'[2]ריכוז נתונים'!$AC$2,0) -> 0 | Z321: =VLOOKUP(VALUE(HEVARIM[[#This Row],[קוד מעמד]]),הנחות!$I$2:$K$21,3,0) -> 1 | AA321: =ISERROR(VLOOKUP(HEVARIM[[#This Row],[קוד תקציב]],'[2]ריכוז נתונים'!A:A,1,0)) -> FALSE | AB321: =IF(AND($G321>=AC$2,$G321<=AC$3,$E321="ז ",$Z321=1),AC$4*(($G321-AC$2)/(AC$3-AC$2)),0) -> 0 | AC321: =IF(HEVARIM[[#This Row],[בר מצוה]]>0,YEAR(TODAY())+'תקציבים מיוחדים'!$F$5-HEVARIM[[#This Row],[גיל]],0) -> 0 | AD321: =IF(AND($G321>=AE$2,$G321<=AE$3,$E321="נ ",$Z321=1),AE$4*(($G321-AE$2)/(AE$3-AE$2)),0) -> 3858.0769 | AE321: =IF(HEVARIM[[#This Row],[בת מצוה]]>0,YEAR(TODAY())+'תקציבים מיוחדים'!$F$5-HEVARIM[[#This Row],[גיל]],0) -> 2032 | AF321: =IF(AND($S321>="רווק",$Z321=1),AF$4*IF(HEVARIM[[#This Row],[גיל]]>$AF$3,1,(($G321-AF$2)/(AF$3-AF$2))),0) -> 20170.833 | AG321: =IF(HEVARIM[[#This Row],[מענק חתונה]]>0,IF(HEVARIM[[#This Row],[גיל]]>'תקציבים מיוחדים'!$F$6,2025,YEAR(TODAY())+'תקציבים מיוחדים'!$F$6-HEVARIM[[#This Row],[גיל]]),0) -> 2040 | AH321: =IF(AND($G321>=AI$2,$G321<=AI$3,$Z321=1),AI$4*(($G321-AI$2)/(AI$3-AI$2)),0) -> 35196.167 | AI321: =IF(AH321>0,YEAR(TODAY())+'תקציבים מיוחדים'!$F$7-HEVARIM[[#This Row],[גיל]],0) -> 2040 | AJ321: =IF(AND(ISERROR(VLOOKUP(H321,'[2]ריכוז נתונים'!A:L,1,0)),P321="1 "),1,0) -> 0 | AK321: =IF(VALUE(HEVARIM[[#This Row],[קוד מעמד]])=1,VLOOKUP((IF(LEFT(HEVARIM[[#This Row],[קוד חבר]],1)="0",HEVARIM[[#This Row],[קוד חבר]],VALUE(HEVARIM[[#This Row],[קוד חבר]]))),'ותק חברה 40'!AQ:AW,7,0),"") | AL321: =IF(AND(VALUE(HEVARIM[[#This Row],[קוד מעמד]])=1,HEVARIM[[#This Row],[ותק מחברה 40]]<25),HEVARIM[[#This Row],[ותק מחברה 40]]/25*הנחות!$C$4,0) -> 0 | AM321: =IF(HEVARIM[[#This Row],[דמי עזיבה 25 שנות ותק]]>0,YEAR(TODAY())+25-ROUNDDOWN(HEVARIM[[#This Row],[ותק מחברה 40]],0),"") | AN321: =IF(AND(VALUE(HEVARIM[[#This Row],[קוד מעמד]])=1,HEVARIM[[#This Row],[ותק מחברה 40]]>25,HEVARIM[[#This Row],[גיל]]<65),הנחות!$C$14+(HEVARIM[[#This Row],[ותק מחברה 40]]-25)*הנחות!$C$10*0.25,0) -> 0 | AO321: =IF(HEVARIM[[#This Row],[דמי עזיבה לגיל 65]]>0,YEAR(TODAY())+64-ROUNDDOWN(HEVARIM[[#This Row],[גיל]],0),"") | AP321: =SUMIF(HEVARIM[קוד תקציב],HEVARIM[[#This Row],[קוד תקציב משפחה מקורי]],HEVARIM[ותק מחברה 40]) -> 32.22 | AQ321: =IF(AND(HEVARIM[[#This Row],[גיל]]>HEVARIM[[#This Row],[ותק הורים]],OR(HEVARIM[[#This Row],[בר מצוה]]>0,HEVARIM[[#This Row],[בת מצוה]]>0,HEVARIM[[#This Row],[מענק חתונה]]>0,HEVARIM[[#This Row],[מענק לימודים]]>0)),1,0) -> 0 | AR321: =IF(HEVARIM[[#This Row],[קוד מעמד]]="1 ",IFERROR(VLOOKUP(HEVARIM[[#This Row],[קוד תקציב]],'תקציב צביעה - לקראת השינוי'!A:F,6,0),0)/COUNTIFS(HEVARIM[קוד תקציב],HEVARIM[[#This Row],[קוד תקציב]],HEVARIM[קוד מעמד],"1 "),0) -> 0 | AS321: =IF(HEVARIM[[#This Row],[קוד מעמד]]="1 ",IFERROR(VLOOKUP(HEVARIM[[#This Row],[קוד תקציב]],'תקציב צביעה - לקראת השינוי'!A:F,4,0),0),0) -> 0
A322: 11091 | B322: כהן אלדד | C322: כהן | D322: אלדד | E322: ז | F322: 34926 | G322: 30 | H322: 1109 | I322: כהן אלדד והודיה | J322: פתוח | K322: תושב לגביה | L322: 316428556 | M322: 11091 | N322: כהן אלדד | O322: =IFERROR(VLOOKUP(HEVARIM[[#This Row],[קוד תקציב]],[2]תקציבים!A:L,6,0),0) -> 0 | P322: 6 | Q322: תושב-בר רשות | R322: 45159 | S322: נשוי | T322: 1109 | U322: =VLOOKUP(HEVARIM[[#This Row],[גיל]],GIL,2,1) -> -- | V322: =IF(HEVARIM[[#This Row],[קוד מעמד]]="4 ",IF(HEVARIM[[#This Row],[גיל]]=1,1,IF(HEVARIM[[#This Row],[גיל]]<=5,5,18)),"") | W322: =IF(G322<67,0, IF(O322=1, IF(G322>=80,1896-231,1795-231), IF(O322=2, IF(G322>=80,2899-332,2697-332), 0)) ) -> 0 | X322: =IF(AND(HEVARIM[[#This Row],[מין]]="ז ",HEVARIM[[#This Row],[גיל]]>67),'[2]ריכוז נתונים'!$AB$2,IF(AND(HEVARIM[[#This Row],[מין]]="נ ",HEVARIM[[#This Row],[גיל]]>62),'[2]ריכוז נתונים'!$AB$2,0)) -> 0 | Y322: =IF(HEVARIM[[#This Row],[מצב משפחתי2]]="אלמן",'[2]ריכוז נתונים'!$AC$2,0) -> 0 | Z322: =VLOOKUP(VALUE(HEVARIM[[#This Row],[קוד מעמד]]),הנחות!$I$2:$K$21,3,0) -> 0 | AA322: =ISERROR(VLOOKUP(HEVARIM[[#This Row],[קוד תקציב]],'[2]ריכוז נתונים'!A:A,1,0)) -> TRUE | AB322: =IF(AND($G322>=AC$2,$G322<=AC$3,$E322="ז ",$Z322=1),AC$4*(($G322-AC$2)/(AC$3-AC$2)),0) -> 0 | AC322: =IF(HEVARIM[[#This Row],[בר מצוה]]>0,YEAR(TODAY())+'תקציבים מיוחדים'!$F$5-HEVARIM[[#This Row],[גיל]],0) -> 0 | AD322: =IF(AND($G322>=AE$2,$G322<=AE$3,$E322="נ ",$Z322=1),AE$4*(($G322-AE$2)/(AE$3-AE$2)),0) -> 0 | AE322: =IF(HEVARIM[[#This Row],[בת מצוה]]>0,YEAR(TODAY())+'תקציבים מיוחדים'!$F$5-HEVARIM[[#This Row],[גיל]],0) -> 0 | AF322: =IF(AND($S322>="רווק",$Z322=1),AF$4*IF(HEVARIM[[#This Row],[גיל]]>$AF$3,1,(($G322-AF$2)/(AF$3-AF$2))),0) -> 0 | AG322: =IF(HEVARIM[[#This Row],[מענק חתונה]]>0,IF(HEVARIM[[#This Row],[גיל]]>'תקציבים מיוחדים'!$F$6,2025,YEAR(TODAY())+'תקציבים מיוחדים'!$F$6-HEVARIM[[#This Row],[גיל]]),0) -> 0 | AH322: =IF(AND($G322>=AI$2,$G322<=AI$3,$Z322=1),AI$4*(($G322-AI$2)/(AI$3-AI$2)),0) -> 0 | AI322: =IF(AH322>0,YEAR(TODAY())+'תקציבים מיוחדים'!$F$7-HEVARIM[[#This Row],[גיל]],0) -> 0 | AJ322: =IF(AND(ISERROR(VLOOKUP(H322,'[2]ריכוז נתונים'!A:L,1,0)),P322="1 "),1,0) -> 0 | AK322: =IF(VALUE(HEVARIM[[#This Row],[קוד מעמד]])=1,VLOOKUP((IF(LEFT(HEVARIM[[#This Row],[קוד חבר]],1)="0",HEVARIM[[#This Row],[קוד חבר]],VALUE(HEVARIM[[#This Row],[קוד חבר]]))),'ותק חברה 40'!AQ:AW,7,0),"") | AL322: =IF(AND(VALUE(HEVARIM[[#This Row],[קוד מעמד]])=1,HEVARIM[[#This Row],[ותק מחברה 40]]<25),HEVARIM[[#This Row],[ותק מחברה 40]]/25*הנחות!$C$4,0) -> 0 | AM322: =IF(HEVARIM[[#This Row],[דמי עזיבה 25 שנות ותק]]>0,YEAR(TODAY())+25-ROUNDDOWN(HEVARIM[[#This Row],[ותק מחברה 40]],0),"") | AN322: =IF(AND(VALUE(HEVARIM[[#This Row],[קוד מעמד]])=1,HEVARIM[[#This Row],[ותק מחברה 40]]>25,HEVARIM[[#This Row],[גיל]]<65),הנחות!$C$14+(HEVARIM[[#This Row],[ותק מחברה 40]]-25)*הנחות!$C$10*0.25,0) -> 0 | AO322: =IF(HEVARIM[[#This Row],[דמי עזיבה לגיל 65]]>0,YEAR(TODAY())+64-ROUNDDOWN(HEVARIM[[#This Row],[גיל]],0),"") | AP322: =SUMIF(HEVARIM[קוד תקציב],HEVARIM[[#This Row],[קוד תקציב משפחה מקורי]],HEVARIM[ותק מחברה 40]) -> 0 | AQ322: =IF(AND(HEVARIM[[#This Row],[גיל]]>HEVARIM[[#This Row],[ותק הורים]],OR(HEVARIM[[#This Row],[בר מצוה]]>0,HEVARIM[[#This Row],[בת מצוה]]>0,HEVARIM[[#This Row],[מענק חתונה]]>0,HEVARIM[[#This Row],[מענק לימודים]]>0)),1,0) -> 0 | AR322: =IF(HEVARIM[[#This Row],[קוד מעמד]]="1 ",IFERROR(VLOOKUP(HEVARIM[[#This Row],[קוד תקציב]],'תקציב צביעה - לקראת השינוי'!A:F,6,0),0)/COUNTIFS(HEVARIM[קוד תקציב],HEVARIM[[#This Row],[קוד תקציב]],HEVARIM[קוד מעמד],"1 "),0) -> 0 | AS322: =IF(HEVARIM[[#This Row],[קוד מעמד]]="1 ",IFERROR(VLOOKUP(HEVARIM[[#This Row],[קוד תקציב]],'תקציב צביעה - לקראת השינוי'!A:F,4,0),0),0) -> 0
A323: 11093 | B323: כהן שקד | C323: כהן | D323: שקד | E323: ז | F323: 44570 | G323: 3 | H323: 1109 | I323: כהן אלדד והודיה | J323: פתוח | K323: תושב לגביה | L323: 236874277 | M323: 11091 | N323: כהן אלדד | O323: =IFERROR(VLOOKUP(HEVARIM[[#This Row],[קוד תקציב]],[2]תקציבים!A:L,6,0),0) -> 0 | P323: 17 | Q323: ילד תושב | R323: 45159 | S323: רווק | T323: 1109 | U323: =VLOOKUP(HEVARIM[[#This Row],[גיל]],GIL,2,1) -> גנים | V323: =IF(HEVARIM[[#This Row],[קוד מעמד]]="4 ",IF(HEVARIM[[#This Row],[גיל]]=1,1,IF(HEVARIM[[#This Row],[גיל]]<=5,5,18)),"") | W323: =IF(G323<67,0, IF(O323=1, IF(G323>=80,1896-231,1795-231), IF(O323=2, IF(G323>=80,2899-332,2697-332), 0)) ) -> 0 | X323: =IF(AND(HEVARIM[[#This Row],[מין]]="ז ",HEVARIM[[#This Row],[גיל]]>67),'[2]ריכוז נתונים'!$AB$2,IF(AND(HEVARIM[[#This Row],[מין]]="נ ",HEVARIM[[#This Row],[גיל]]>62),'[2]ריכוז נתונים'!$AB$2,0)) -> 0 | Y323: =IF(HEVARIM[[#This Row],[מצב משפחתי2]]="אלמן",'[2]ריכוז נתונים'!$AC$2,0) -> 0 | Z323: =VLOOKUP(VALUE(HEVARIM[[#This Row],[קוד מעמד]]),הנחות!$I$2:$K$21,3,0) -> 0 | AA323: =ISERROR(VLOOKUP(HEVARIM[[#This Row],[קוד תקציב]],'[2]ריכוז נתונים'!A:A,1,0)) -> TRUE | AB323: =IF(AND($G323>=AC$2,$G323<=AC$3,$E323="ז ",$Z323=1),AC$4*(($G323-AC$2)/(AC$3-AC$2)),0) -> 0 | AC323: =IF(HEVARIM[[#This Row],[בר מצוה]]>0,YEAR(TODAY())+'תקציבים מיוחדים'!$F$5-HEVARIM[[#This Row],[גיל]],0) -> 0 | AD323: =IF(AND($G323>=AE$2,$G323<=AE$3,$E323="נ ",$Z323=1),AE$4*(($G323-AE$2)/(AE$3-AE$2)),0) -> 0 | AE323: =IF(HEVARIM[[#This Row],[בת מצוה]]>0,YEAR(TODAY())+'תקציבים מיוחדים'!$F$5-HEVARIM[[#This Row],[גיל]],0) -> 0 | AF323: =IF(AND($S323>="רווק",$Z323=1),AF$4*IF(HEVARIM[[#This Row],[גיל]]>$AF$3,1,(($G323-AF$2)/(AF$3-AF$2))),0) -> 0 | AG323: =IF(HEVARIM[[#This Row],[מענק חתונה]]>0,IF(HEVARIM[[#This Row],[גיל]]>'תקציבים מיוחדים'!$F$6,2025,YEAR(TODAY())+'תקציבים מיוחדים'!$F$6-HEVARIM[[#This Row],[גיל]]),0) -> 0 | AH323: =IF(AND($G323>=AI$2,$G323<=AI$3,$Z323=1),AI$4*(($G323-AI$2)/(AI$3-AI$2)),0) -> 0 | AI323: =IF(AH323>0,YEAR(TODAY())+'תקציבים מיוחדים'!$F$7-HEVARIM[[#This Row],[גיל]],0) -> 0 | AJ323: =IF(AND(ISERROR(VLOOKUP(H323,'[2]ריכוז נתונים'!A:L,1,0)),P323="1 "),1,0) -> 0 | AK323: =IF(VALUE(HEVARIM[[#This Row],[קוד מעמד]])=1,VLOOKUP((IF(LEFT(HEVARIM[[#This Row],[קוד חבר]],1)="0",HEVARIM[[#This Row],[קוד חבר]],VALUE(HEVARIM[[#This Row],[קוד חבר]]))),'ותק חברה 40'!AQ:AW,7,0),"") | AL323: =IF(AND(VALUE(HEVARIM[[#This Row],[קוד מעמד]])=1,HEVARIM[[#This Row],[ותק מחברה 40]]<25),HEVARIM[[#This Row],[ותק מחברה 40]]/25*הנחות!$C$4,0) -> 0 | AM323: =IF(HEVARIM[[#This Row],[דמי עזיבה 25 שנות ותק]]>0,YEAR(TODAY())+25-ROUNDDOWN(HEVARIM[[#This Row],[ותק מחברה 40]],0),"") | AN323: =IF(AND(VALUE(HEVARIM[[#This Row],[קוד מעמד]])=1,HEVARIM[[#This Row],[ותק מחברה 40]]>25,HEVARIM[[#This Row],[גיל]]<65),הנחות!$C$14+(HEVARIM[[#This Row],[ותק מחברה 40]]-25)*הנחות!$C$10*0.25,0) -> 0 | AO323: =IF(HEVARIM[[#This Row],[דמי עזיבה לגיל 65]]>0,YEAR(TODAY())+64-ROUNDDOWN(HEVARIM[[#This Row],[גיל]],0),"") | AP323: =SUMIF(HEVARIM[קוד תקציב],HEVARIM[[#This Row],[קוד תקציב משפחה מקורי]],HEVARIM[ותק מחברה 40]) -> 0 | AQ323: =IF(AND(HEVARIM[[#This Row],[גיל]]>HEVARIM[[#This Row],[ותק הורים]],OR(HEVARIM[[#This Row],[בר מצוה]]>0,HEVARIM[[#This Row],[בת מצוה]]>0,HEVARIM[[#This Row],[מענק חתונה]]>0,HEVARIM[[#This Row],[מענק לימודים]]>0)),1,0) -> 0 | AR323: =IF(HEVARIM[[#This Row],[קוד מעמד]]="1 ",IFERROR(VLOOKUP(HEVARIM[[#This Row],[קוד תקציב]],'תקציב צביעה - לקראת השינוי'!A:F,6,0),0)/COUNTIFS(HEVARIM[קוד תקציב],HEVARIM[[#This Row],[קוד תקציב]],HEVARIM[קוד מעמד],"1 "),0) -> 0 | AS323: =IF(HEVARIM[[#This Row],[קוד מעמד]]="1 ",IFERROR(VLOOKUP(HEVARIM[[#This Row],[קוד תקציב]],'תקציב צביעה - לקראת השינוי'!A:F,4,0),0),0) -> 0
A324: 11094 | B324: כהן הדר אור | C324: כהן | D324: הדר אור | E324: ז | F324: 45196 | G324: 2 | H324: 1109 | I324: כהן אלדד והודיה | J324: פתוח | K324: תושב לגביה | L324: 238714042 | M324: 11091 | N324: כהן אלדד | O324: =IFERROR(VLOOKUP(HEVARIM[[#This Row],[קוד תקציב]],[2]תקציבים!A:L,6,0),0) -> 0 | P324: 17 | Q324: ילד תושב | R324: 45196 | S324: רווק | T324: 1109 | U324: =VLOOKUP(HEVARIM[[#This Row],[גיל]],GIL,2,1) -> פעוט | V324: =IF(HEVARIM[[#This Row],[קוד מעמד]]="4 ",IF(HEVARIM[[#This Row],[גיל]]=1,1,IF(HEVARIM[[#This Row],[גיל]]<=5,5,18)),"") | W324: =IF(G324<67,0, IF(O324=1, IF(G324>=80,1896-231,1795-231), IF(O324=2, IF(G324>=80,2899-332,2697-332), 0)) ) -> 0 | X324: =IF(AND(HEVARIM[[#This Row],[מין]]="ז ",HEVARIM[[#This Row],[גיל]]>67),'[2]ריכוז נתונים'!$AB$2,IF(AND(HEVARIM[[#This Row],[מין]]="נ ",HEVARIM[[#This Row],[גיל]]>62),'[2]ריכוז נתונים'!$AB$2,0)) -> 0 | Y324: =IF(HEVARIM[[#This Row],[מצב משפחתי2]]="אלמן",'[2]ריכוז נתונים'!$AC$2,0) -> 0 | Z324: =VLOOKUP(VALUE(HEVARIM[[#This Row],[קוד מעמד]]),הנחות!$I$2:$K$21,3,0) -> 0 | AA324: =ISERROR(VLOOKUP(HEVARIM[[#This Row],[קוד תקציב]],'[2]ריכוז נתונים'!A:A,1,0)) -> TRUE | AB324: =IF(AND($G324>=AC$2,$G324<=AC$3,$E324="ז ",$Z324=1),AC$4*(($G324-AC$2)/(AC$3-AC$2)),0) -> 0 | AC324: =IF(HEVARIM[[#This Row],[בר מצוה]]>0,YEAR(TODAY())+'תקציבים מיוחדים'!$F$5-HEVARIM[[#This Row],[גיל]],0) -> 0 | AD324: =IF(AND($G324>=AE$2,$G324<=AE$3,$E324="נ ",$Z324=1),AE$4*(($G324-AE$2)/(AE$3-AE$2)),0) -> 0 | AE324: =IF(HEVARIM[[#This Row],[בת מצוה]]>0,YEAR(TODAY())+'תקציבים מיוחדים'!$F$5-HEVARIM[[#This Row],[גיל]],0) -> 0 | AF324: =IF(AND($S324>="רווק",$Z324=1),AF$4*IF(HEVARIM[[#This Row],[גיל]]>$AF$3,1,(($G324-AF$2)/(AF$3-AF$2))),0) -> 0 | AG324: =IF(HEVARIM[[#This Row],[מענק חתונה]]>0,IF(HEVARIM[[#This Row],[גיל]]>'תקציבים מיוחדים'!$F$6,2025,YEAR(TODAY())+'תקציבים מיוחדים'!$F$6-HEVARIM[[#This Row],[גיל]]),0) -> 0 | AH324: =IF(AND($G324>=AI$2,$G324<=AI$3,$Z324=1),AI$4*(($G324-AI$2)/(AI$3-AI$2)),0) -> 0 | AI324: =IF(AH324>0,YEAR(TODAY())+'תקציבים מיוחדים'!$F$7-HEVARIM[[#This Row],[גיל]],0) -> 0 | AJ324: =IF(AND(ISERROR(VLOOKUP(H324,'[2]ריכוז נתונים'!A:L,1,0)),P324="1 "),1,0) -> 0 | AK324: =IF(VALUE(HEVARIM[[#This Row],[קוד מעמד]])=1,VLOOKUP((IF(LEFT(HEVARIM[[#This Row],[קוד חבר]],1)="0",HEVARIM[[#This Row],[קוד חבר]],VALUE(HEVARIM[[#This Row],[קוד חבר]]))),'ותק חברה 40'!AQ:AW,7,0),"") | AL324: =IF(AND(VALUE(HEVARIM[[#This Row],[קוד מעמד]])=1,HEVARIM[[#This Row],[ותק מחברה 40]]<25),HEVARIM[[#This Row],[ותק מחברה 40]]/25*הנחות!$C$4,0) -> 0 | AM324: =IF(HEVARIM[[#This Row],[דמי עזיבה 25 שנות ותק]]>0,YEAR(TODAY())+25-ROUNDDOWN(HEVARIM[[#This Row],[ותק מחברה 40]],0),"") | AN324: =IF(AND(VALUE(HEVARIM[[#This Row],[קוד מעמד]])=1,HEVARIM[[#This Row],[ותק מחברה 40]]>25,HEVARIM[[#This Row],[גיל]]<65),הנחות!$C$14+(HEVARIM[[#This Row],[ותק מחברה 40]]-25)*הנחות!$C$10*0.25,0) -> 0 | AO324: =IF(HEVARIM[[#This Row],[דמי עזיבה לגיל 65]]>0,YEAR(TODAY())+64-ROUNDDOWN(HEVARIM[[#This Row],[גיל]],0),"") | AP324: =SUMIF(HEVARIM[קוד תקציב],HEVARIM[[#This Row],[קוד תקציב משפחה מקורי]],HEVARIM[ותק מחברה 40]) -> 0 | AQ324: =IF(AND(HEVARIM[[#This Row],[גיל]]>HEVARIM[[#This Row],[ותק הורים]],OR(HEVARIM[[#This Row],[בר מצוה]]>0,HEVARIM[[#This Row],[בת מצוה]]>0,HEVARIM[[#This Row],[מענק חתונה]]>0,HEVARIM[[#This Row],[מענק לימודים]]>0)),1,0) -> 0 | AR324: =IF(HEVARIM[[#This Row],[קוד מעמד]]="1 ",IFERROR(VLOOKUP(HEVARIM[[#This Row],[קוד תקציב]],'תקציב צביעה - לקראת השינוי'!A:F,6,0),0)/COUNTIFS(HEVARIM[קוד תקציב],HEVARIM[[#This Row],[קוד תקציב]],HEVARIM[קוד מעמד],"1 "),0) -> 0 | AS324: =IF(HEVARIM[[#This Row],[קוד מעמד]]="1 ",IFERROR(VLOOKUP(HEVARIM[[#This Row],[קוד תקציב]],'תקציב צביעה - לקראת השינוי'!A:F,4,0),0),0) -> 0
A325: 11101 | B325: כהן יזרעאל | C325: כהן | D325: יזרעאל | E325: ז | F325: 36181 | G325: 26 | H325: 1110 | I325: כהן יזרעאל | J325: פתוח | K325: חבר | L325: 208692053 | M325: 11101 | N325: כהן יזרעאל | O325: =IFERROR(VLOOKUP(HEVARIM[[#This Row],[קוד תקציב]],[2]תקציבים!A:L,6,0),0) -> 0 | P325: 35 | Q325: מסלול צעירים -עד גיל 03 | R325: 45901 | S325: רווק | T325: 1112 | U325: =VLOOKUP(HEVARIM[[#This Row],[גיל]],GIL,2,1) -> -- | V325: =IF(HEVARIM[[#This Row],[קוד מעמד]]="4 ",IF(HEVARIM[[#This Row],[גיל]]=1,1,IF(HEVARIM[[#This Row],[גיל]]<=5,5,18)),"") | W325: =IF(G325<67,0, IF(O325=1, IF(G325>=80,1896-231,1795-231), IF(O325=2, IF(G325>=80,2899-332,2697-332), 0)) ) -> 0 | X325: =IF(AND(HEVARIM[[#This Row],[מין]]="ז ",HEVARIM[[#This Row],[גיל]]>67),'[2]ריכוז נתונים'!$AB$2,IF(AND(HEVARIM[[#This Row],[מין]]="נ ",HEVARIM[[#This Row],[גיל]]>62),'[2]ריכוז נתונים'!$AB$2,0)) -> 0 | Y325: =IF(HEVARIM[[#This Row],[מצב משפחתי2]]="אלמן",'[2]ריכוז נתונים'!$AC$2,0) -> 0 | Z325: =VLOOKUP(VALUE(HEVARIM[[#This Row],[קוד מעמד]]),הנחות!$I$2:$K$21,3,0) -> 1 | AA325: =ISERROR(VLOOKUP(HEVARIM[[#This Row],[קוד תקציב]],'[2]ריכוז נתונים'!A:A,1,0)) -> TRUE | AB325: =IF(AND($G325>=AC$2,$G325<=AC$3,$E325="ז ",$Z325=1),AC$4*(($G325-AC$2)/(AC$3-AC$2)),0) -> 0 | AC325: =IF(HEVARIM[[#This Row],[בר מצוה]]>0,YEAR(TODAY())+'תקציבים מיוחדים'!$F$5-HEVARIM[[#This Row],[גיל]],0) -> 0 | AD325: =IF(AND($G325>=AE$2,$G325<=AE$3,$E325="נ ",$Z325=1),AE$4*(($G325-AE$2)/(AE$3-AE$2)),0) -> 0 | AE325: =IF(HEVARIM[[#This Row],[בת מצוה]]>0,YEAR(TODAY())+'תקציבים מיוחדים'!$F$5-HEVARIM[[#This Row],[גיל]],0) -> 0 | AF325: =IF(AND($S325>="רווק",$Z325=1),AF$4*IF(HEVARIM[[#This Row],[גיל]]>$AF$3,1,(($G325-AF$2)/(AF$3-AF$2))),0) -> 60512.5 | AG325: =IF(HEVARIM[[#This Row],[מענק חתונה]]>0,IF(HEVARIM[[#This Row],[גיל]]>'תקציבים מיוחדים'!$F$6,2025,YEAR(TODAY())+'תקציבים מיוחדים'!$F$6-HEVARIM[[#This Row],[גיל]]),0) -> 2025 | AH325: =IF(AND($G325>=AI$2,$G325<=AI$3,$Z325=1),AI$4*(($G325-AI$2)/(AI$3-AI$2)),0) -> 0 | AI325: =IF(AH325>0,YEAR(TODAY())+'תקציבים מיוחדים'!$F$7-HEVARIM[[#This Row],[גיל]],0) -> 0 | AJ325: =IF(AND(ISERROR(VLOOKUP(H325,'[2]ריכוז נתונים'!A:L,1,0)),P325="1 "),1,0) -> 0 | AK325: =IF(VALUE(HEVARIM[[#This Row],[קוד מעמד]])=1,VLOOKUP((IF(LEFT(HEVARIM[[#This Row],[קוד חבר]],1)="0",HEVARIM[[#This Row],[קוד חבר]],VALUE(HEVARIM[[#This Row],[קוד חבר]]))),'ותק חברה 40'!AQ:AW,7,0),"") | AL325: =IF(AND(VALUE(HEVARIM[[#This Row],[קוד מעמד]])=1,HEVARIM[[#This Row],[ותק מחברה 40]]<25),HEVARIM[[#This Row],[ותק מחברה 40]]/25*הנחות!$C$4,0) -> 0 | AM325: =IF(HEVARIM[[#This Row],[דמי עזיבה 25 שנות ותק]]>0,YEAR(TODAY())+25-ROUNDDOWN(HEVARIM[[#This Row],[ותק מחברה 40]],0),"") | AN325: =IF(AND(VALUE(HEVARIM[[#This Row],[קוד מעמד]])=1,HEVARIM[[#This Row],[ותק מחברה 40]]>25,HEVARIM[[#This Row],[גיל]]<65),הנחות!$C$14+(HEVARIM[[#This Row],[ותק מחברה 40]]-25)*הנחות!$C$10*0.25,0) -> 0 | AO325: =IF(HEVARIM[[#This Row],[דמי עזיבה לגיל 65]]>0,YEAR(TODAY())+64-ROUNDDOWN(HEVARIM[[#This Row],[גיל]],0),"") | AP325: =SUMIF(HEVARIM[קוד תקציב],HEVARIM[[#This Row],[קוד תקציב משפחה מקורי]],HEVARIM[ותק מחברה 40]) -> 42.2 | AQ325: =IF(AND(HEVARIM[[#This Row],[גיל]]>HEVARIM[[#This Row],[ותק הורים]],OR(HEVARIM[[#This Row],[בר מצוה]]>0,HEVARIM[[#This Row],[בת מצוה]]>0,HEVARIM[[#This Row],[מענק חתונה]]>0,HEVARIM[[#This Row],[מענק לימודים]]>0)),1,0) -> 0 | AR325: =IF(HEVARIM[[#This Row],[קוד מעמד]]="1 ",IFERROR(VLOOKUP(HEVARIM[[#This Row],[קוד תקציב]],'תקציב צביעה - לקראת השינוי'!A:F,6,0),0)/COUNTIFS(HEVARIM[קוד תקציב],HEVARIM[[#This Row],[קוד תקציב]],HEVARIM[קוד מעמד],"1 "),0) -> 0 | AS325: =IF(HEVARIM[[#This Row],[קוד מעמד]]="1 ",IFERROR(VLOOKUP(HEVARIM[[#This Row],[קוד תקציב]],'תקציב צביעה - לקראת השינוי'!A:F,4,0),0),0) -> 0
... A462: 17222 | B462: פרג`ון שקד | C462: פרג`ון | D462: שקד | E462: נ | F462: 35208 | G462: 29 | H462: 1722 | I462: פרג`ון נוה ושקד | J462: פתוח | K462: תושב לגביה | L462: 316096270 | M462: 17221 | N462: פרג`ון נוה | O462: =IFERROR(VLOOKUP(HEVARIM[[#This Row],[קוד תקציב]],[2]תקציבים!A:L,6,0),0) -> 0 | P462: 2 | Q462: מועמד ^מועמד | R462: 45809 | S462: נשוי | T462: 1722 | U462: =VLOOKUP(HEVARIM[[#This Row],[גיל]],GIL,2,1) -> -- | V462: =IF(HEVARIM[[#This Row],[קוד מעמד]]="4 ",IF(HEVARIM[[#This Row],[גיל]]=1,1,IF(HEVARIM[[#This Row],[גיל]]<=5,5,18)),"") | W462: =IF(G462<67,0, IF(O462=1, IF(G462>=80,1896-231,1795-231), IF(O462=2, IF(G462>=80,2899-332,2697-332), 0)) ) -> 0 | X462: =IF(AND(HEVARIM[[#This Row],[מין]]="ז ",HEVARIM[[#This Row],[גיל]]>67),'[2]ריכוז נתונים'!$AB$2,IF(AND(HEVARIM[[#This Row],[מין]]="נ ",HEVARIM[[#This Row],[גיל]]>62),'[2]ריכוז נתונים'!$AB$2,0)) -> 0 | Y462: =IF(HEVARIM[[#This Row],[מצב משפחתי2]]="אלמן",'[2]ריכוז נתונים'!$AC$2,0) -> 0 | Z462: =VLOOKUP(VALUE(HEVARIM[[#This Row],[קוד מעמד]]),הנחות!$I$2:$K$21,3,0) -> 0 | AA462: =ISERROR(VLOOKUP(HEVARIM[[#This Row],[קוד תקציב]],'[2]ריכוז נתונים'!A:A,1,0)) -> TRUE | AB462: =IF(AND($G462>=AC$2,$G462<=AC$3,$E462="ז ",$Z462=1),AC$4*(($G462-AC$2)/(AC$3-AC$2)),0) -> 0 | AC462: =IF(HEVARIM[[#This Row],[בר מצוה]]>0,YEAR(TODAY())+'תקציבים מיוחדים'!$F$5-HEVARIM[[#This Row],[גיל]],0) -> 0 | AD462: =IF(AND($G462>=AE$2,$G462<=AE$3,$E462="נ ",$Z462=1),AE$4*(($G462-AE$2)/(AE$3-AE$2)),0) -> 0 | AE462: =IF(HEVARIM[[#This Row],[בת מצוה]]>0,YEAR(TODAY())+'תקציבים מיוחדים'!$F$5-HEVARIM[[#This Row],[גיל]],0) -> 0 | AF462: =IF(AND($S462>="רווק",$Z462=1),AF$4*IF(HEVARIM[[#This Row],[גיל]]>$AF$3,1,(($G462-AF$2)/(AF$3-AF$2))),0) -> 0 | AG462: =IF(HEVARIM[[#This Row],[מענק חתונה]]>0,IF(HEVARIM[[#This Row],[גיל]]>'תקציבים מיוחדים'!$F$6,2025,YEAR(TODAY())+'תקציבים מיוחדים'!$F$6-HEVARIM[[#This Row],[גיל]]),0) -> 0 | AH462: =IF(AND($G462>=AI$2,$G462<=AI$3,$Z462=1),AI$4*(($G462-AI$2)/(AI$3-AI$2)),0) -> 0 | AI462: =IF(AH462>0,YEAR(TODAY())+'תקציבים מיוחדים'!$F$7-HEVARIM[[#This Row],[גיל]],0) -> 0 | AJ462: =IF(AND(ISERROR(VLOOKUP(H462,'[2]ריכוז נתונים'!A:L,1,0)),P462="1 "),1,0) -> 0 | AK462: =IF(VALUE(HEVARIM[[#This Row],[קוד מעמד]])=1,VLOOKUP((IF(LEFT(HEVARIM[[#This Row],[קוד חבר]],1)="0",HEVARIM[[#This Row],[קוד חבר]],VALUE(HEVARIM[[#This Row],[קוד חבר]]))),'ותק חברה 40'!AQ:AW,7,0),"") | AL462: =IF(AND(VALUE(HEVARIM[[#This Row],[קוד מעמד]])=1,HEVARIM[[#This Row],[ותק מחברה 40]]<25),HEVARIM[[#This Row],[ותק מחברה 40]]/25*הנחות!$C$4,0) -> 0 | AM462: =IF(HEVARIM[[#This Row],[דמי עזיבה 25 שנות ותק]]>0,YEAR(TODAY())+25-ROUNDDOWN(HEVARIM[[#This Row],[ותק מחברה 40]],0),"") | AN462: =IF(AND(VALUE(HEVARIM[[#This Row],[קוד מעמד]])=1,HEVARIM[[#This Row],[ותק מחברה 40]]>25,HEVARIM[[#This Row],[גיל]]<65),הנחות!$C$14+(HEVARIM[[#This Row],[ותק מחברה 40]]-25)*הנחות!$C$10*0.25,0) -> 0 | AO462: =IF(HEVARIM[[#This Row],[דמי עזיבה לגיל 65]]>0,YEAR(TODAY())+64-ROUNDDOWN(HEVARIM[[#This Row],[גיל]],0),"") | AP462: =SUMIF(HEVARIM[קוד תקציב],HEVARIM[[#This Row],[קוד תקציב משפחה מקורי]],HEVARIM[ותק מחברה 40]) -> 0 | AQ462: =IF(AND(HEVARIM[[#This Row],[גיל]]>HEVARIM[[#This Row],[ותק הורים]],OR(HEVARIM[[#This Row],[בר מצוה]]>0,HEVARIM[[#This Row],[בת מצוה]]>0,HEVARIM[[#This Row],[מענק חתונה]]>0,HEVARIM[[#This Row],[מענק לימודים]]>0)),1,0) -> 0 | AR462: =IF(HEVARIM[[#This Row],[קוד מעמד]]="1 ",IFERROR(VLOOKUP(HEVARIM[[#This Row],[קוד תקציב]],'תקציב צביעה - לקראת השינוי'!A:F,6,0),0)/COUNTIFS(HEVARIM[קוד תקציב],HEVARIM[[#This Row],[קוד תקציב]],HEVARIM[קוד מעמד],"1 "),0) -> 0 | AS462: =IF(HEVARIM[[#This Row],[קוד מעמד]]="1 ",IFERROR(VLOOKUP(HEVARIM[[#This Row],[קוד תקציב]],'תקציב צביעה - לקראת השינוי'!A:F,4,0),0),0) -> 0
A463: 17223 | B463: פרג`ון בארי רות | C463: פרג`ון | D463: בארי רות | E463: נ | F463: 45019 | G463: 2 | H463: 1722 | I463: פרג`ון נוה ושקד | J463: פתוח | K463: תושב לגביה | L463: 237662002 | M463: 17221 | N463: פרג`ון נוה | O463: =IFERROR(VLOOKUP(HEVARIM[[#This Row],[קוד תקציב]],[2]תקציבים!A:L,6,0),0) -> 0 | P463: 4 | Q463: ילד | R463: 45658 | T463: 1722 | U463: =VLOOKUP(HEVARIM[[#This Row],[גיל]],GIL,2,1) -> פעוט | V463: =IF(HEVARIM[[#This Row],[קוד מעמד]]="4 ",IF(HEVARIM[[#This Row],[גיל]]=1,1,IF(HEVARIM[[#This Row],[גיל]]<=5,5,18)),"") -> 5 | W463: =IF(G463<67,0, IF(O463=1, IF(G463>=80,1896-231,1795-231), IF(O463=2, IF(G463>=80,2899-332,2697-332), 0)) ) -> 0 | X463: =IF(AND(HEVARIM[[#This Row],[מין]]="ז ",HEVARIM[[#This Row],[גיל]]>67),'[2]ריכוז נתונים'!$AB$2,IF(AND(HEVARIM[[#This Row],[מין]]="נ ",HEVARIM[[#This Row],[גיל]]>62),'[2]ריכוז נתונים'!$AB$2,0)) -> 0 | Y463: =IF(HEVARIM[[#This Row],[מצב משפחתי2]]="אלמן",'[2]ריכוז נתונים'!$AC$2,0) -> 0 | Z463: =VLOOKUP(VALUE(HEVARIM[[#This Row],[קוד מעמד]]),הנחות!$I$2:$K$21,3,0) -> 1 | AA463: =ISERROR(VLOOKUP(HEVARIM[[#This Row],[קוד תקציב]],'[2]ריכוז נתונים'!A:A,1,0)) -> TRUE | AB463: =IF(AND($G463>=AC$2,$G463<=AC$3,$E463="ז ",$Z463=1),AC$4*(($G463-AC$2)/(AC$3-AC$2)),0) -> 0 | AC463: =IF(HEVARIM[[#This Row],[בר מצוה]]>0,YEAR(TODAY())+'תקציבים מיוחדים'!$F$5-HEVARIM[[#This Row],[גיל]],0) -> 0 | AD463: =IF(AND($G463>=AE$2,$G463<=AE$3,$E463="נ ",$Z463=1),AE$4*(($G463-AE$2)/(AE$3-AE$2)),0) -> 1102.3077 | AE463: =IF(HEVARIM[[#This Row],[בת מצוה]]>0,YEAR(TODAY())+'תקציבים מיוחדים'!$F$5-HEVARIM[[#This Row],[גיל]],0) -> 2037 | AF463: =IF(AND($S463>="רווק",$Z463=1),AF$4*IF(HEVARIM[[#This Row],[גיל]]>$AF$3,1,(($G463-AF$2)/(AF$3-AF$2))),0) -> 0 | AG463: =IF(HEVARIM[[#This Row],[מענק חתונה]]>0,IF(HEVARIM[[#This Row],[גיל]]>'תקציבים מיוחדים'!$F$6,2025,YEAR(TODAY())+'תקציבים מיוחדים'!$F$6-HEVARIM[[#This Row],[גיל]]),0) -> 0 | AH463: =IF(AND($G463>=AI$2,$G463<=AI$3,$Z463=1),AI$4*(($G463-AI$2)/(AI$3-AI$2)),0) -> 10056.048 | AI463: =IF(AH463>0,YEAR(TODAY())+'תקציבים מיוחדים'!$F$7-HEVARIM[[#This Row],[גיל]],0) -> 2045 | AJ463: =IF(AND(ISERROR(VLOOKUP(H463,'[2]ריכוז נתונים'!A:L,1,0)),P463="1 "),1,0) -> 0 | AK463: =IF(VALUE(HEVARIM[[#This Row],[קוד מעמד]])=1,VLOOKUP((IF(LEFT(HEVARIM[[#This Row],[קוד חבר]],1)="0",HEVARIM[[#This Row],[קוד חבר]],VALUE(HEVARIM[[#This Row],[קוד חבר]]))),'ותק חברה 40'!AQ:AW,7,0),"") | AL463: =IF(AND(VALUE(HEVARIM[[#This Row],[קוד מעמד]])=1,HEVARIM[[#This Row],[ותק מחברה 40]]<25),HEVARIM[[#This Row],[ותק מחברה 40]]/25*הנחות!$C$4,0) -> 0 | AM463: =IF(HEVARIM[[#This Row],[דמי עזיבה 25 שנות ותק]]>0,YEAR(TODAY())+25-ROUNDDOWN(HEVARIM[[#This Row],[ותק מחברה 40]],0),"") | AN463: =IF(AND(VALUE(HEVARIM[[#This Row],[קוד מעמד]])=1,HEVARIM[[#This Row],[ותק מחברה 40]]>25,HEVARIM[[#This Row],[גיל]]<65),הנחות!$C$14+(HEVARIM[[#This Row],[ותק מחברה 40]]-25)*הנחות!$C$10*0.25,0) -> 0 | AO463: =IF(HEVARIM[[#This Row],[דמי עזיבה לגיל 65]]>0,YEAR(TODAY())+64-ROUNDDOWN(HEVARIM[[#This Row],[גיל]],0),"") | AP463: =SUMIF(HEVARIM[קוד תקציב],HEVARIM[[#This Row],[קוד תקציב משפחה מקורי]],HEVARIM[ותק מחברה 40]) -> 0 | AQ463: =IF(AND(HEVARIM[[#This Row],[גיל]]>HEVARIM[[#This Row],[ותק הורים]],OR(HEVARIM[[#This Row],[בר מצוה]]>0,HEVARIM[[#This Row],[בת מצוה]]>0,HEVARIM[[#This Row],[מענק חתונה]]>0,HEVARIM[[#This Row],[מענק לימודים]]>0)),1,0) -> 1 | AR463: =IF(HEVARIM[[#This Row],[קוד מעמד]]="1 ",IFERROR(VLOOKUP(HEVARIM[[#This Row],[קוד תקציב]],'תקציב צביעה - לקראת השינוי'!A:F,6,0),0)/COUNTIFS(HEVARIM[קוד תקציב],HEVARIM[[#This Row],[קוד תקציב]],HEVARIM[קוד מעמד],"1 "),0) -> 0 | AS463: =IF(HEVARIM[[#This Row],[קוד מעמד]]="1 ",IFERROR(VLOOKUP(HEVARIM[[#This Row],[קוד תקציב]],'תקציב צביעה - לקראת השינוי'!A:F,4,0),0),0) -> 0
A464: 17261 | B464: רוזנברג נעם | C464: רוזנברג | D464: נעם | E464: ז | F464: 36335 | G464: 26 | H464: 1726 | I464: רוזנברג נעם ורננה | J464: פתוח | K464: תושב לגביה | L464: 206432189 | M464: 17261 | N464: רוזנברג נעם | O464: =IFERROR(VLOOKUP(HEVARIM[[#This Row],[קוד תקציב]],[2]תקציבים!A:L,6,0),0) -> 0 | P464: 6 | Q464: תושב-בר רשות | R464: 45874 | S464: נשוי | T464: 1726 | U464: =VLOOKUP(HEVARIM[[#This Row],[גיל]],GIL,2,1) -> -- | V464: =IF(HEVARIM[[#This Row],[קוד מעמד]]="4 ",IF(HEVARIM[[#This Row],[גיל]]=1,1,IF(HEVARIM[[#This Row],[גיל]]<=5,5,18)),"") | W464: =IF(G464<67,0, IF(O464=1, IF(G464>=80,1896-231,1795-231), IF(O464=2, IF(G464>=80,2899-332,2697-332), 0)) ) -> 0 | X464: =IF(AND(HEVARIM[[#This Row],[מין]]="ז ",HEVARIM[[#This Row],[גיל]]>67),'[2]ריכוז נתונים'!$AB$2,IF(AND(HEVARIM[[#This Row],[מין]]="נ ",HEVARIM[[#This Row],[גיל]]>62),'[2]ריכוז נתונים'!$AB$2,0)) -> 0 | Y464: =IF(HEVARIM[[#This Row],[מצב משפחתי2]]="אלמן",'[2]ריכוז נתונים'!$AC$2,0) -> 0 | Z464: =VLOOKUP(VALUE(HEVARIM[[#This Row],[קוד מעמד]]),הנחות!$I$2:$K$21,3,0) -> 0 | AA464: =ISERROR(VLOOKUP(HEVARIM[[#This Row],[קוד תקציב]],'[2]ריכוז נתונים'!A:A,1,0)) -> TRUE | AB464: =IF(AND($G464>=AC$2,$G464<=AC$3,$E464="ז ",$Z464=1),AC$4*(($G464-AC$2)/(AC$3-AC$2)),0) -> 0 | AC464: =IF(HEVARIM[[#This Row],[בר מצוה]]>0,YEAR(TODAY())+'תקציבים מיוחדים'!$F$5-HEVARIM[[#This Row],[גיל]],0) -> 0 | AD464: =IF(AND($G464>=AE$2,$G464<=AE$3,$E464="נ ",$Z464=1),AE$4*(($G464-AE$2)/(AE$3-AE$2)),0) -> 0 | AE464: =IF(HEVARIM[[#This Row],[בת מצוה]]>0,YEAR(TODAY())+'תקציבים מיוחדים'!$F$5-HEVARIM[[#This Row],[גיל]],0) -> 0 | AF464: =IF(AND($S464>="רווק",$Z464=1),AF$4*IF(HEVARIM[[#This Row],[גיל]]>$AF$3,1,(($G464-AF$2)/(AF$3-AF$2))),0) -> 0 | AG464: =IF(HEVARIM[[#This Row],[מענק חתונה]]>0,IF(HEVARIM[[#This Row],[גיל]]>'תקציבים מיוחדים'!$F$6,2025,YEAR(TODAY())+'תקציבים מיוחדים'!$F$6-HEVARIM[[#This Row],[גיל]]),0) -> 0 | AH464: =IF(AND($G464>=AI$2,$G464<=AI$3,$Z464=1),AI$4*(($G464-AI$2)/(AI$3-AI$2)),0) -> 0 | AI464: =IF(AH464>0,YEAR(TODAY())+'תקציבים מיוחדים'!$F$7-HEVARIM[[#This Row],[גיל]],0) -> 0 | AJ464: =IF(AND(ISERROR(VLOOKUP(H464,'[2]ריכוז נתונים'!A:L,1,0)),P464="1 "),1,0) -> 0 | AK464: =IF(VALUE(HEVARIM[[#This Row],[קוד מעמד]])=1,VLOOKUP((IF(LEFT(HEVARIM[[#This Row],[קוד חבר]],1)="0",HEVARIM[[#This Row],[קוד חבר]],VALUE(HEVARIM[[#This Row],[קוד חבר]]))),'ותק חברה 40'!AQ:AW,7,0),"") | AL464: =IF(AND(VALUE(HEVARIM[[#This Row],[קוד מעמד]])=1,HEVARIM[[#This Row],[ותק מחברה 40]]<25),HEVARIM[[#This Row],[ותק מחברה 40]]/25*הנחות!$C$4,0) -> 0 | AM464: =IF(HEVARIM[[#This Row],[דמי עזיבה 25 שנות ותק]]>0,YEAR(TODAY())+25-ROUNDDOWN(HEVARIM[[#This Row],[ותק מחברה 40]],0),"") | AN464: =IF(AND(VALUE(HEVARIM[[#This Row],[קוד מעמד]])=1,HEVARIM[[#This Row],[ותק מחברה 40]]>25,HEVARIM[[#This Row],[גיל]]<65),הנחות!$C$14+(HEVARIM[[#This Row],[ותק מחברה 40]]-25)*הנחות!$C$10*0.25,0) -> 0 | AO464: =IF(HEVARIM[[#This Row],[דמי עזיבה לגיל 65]]>0,YEAR(TODAY())+64-ROUNDDOWN(HEVARIM[[#This Row],[גיל]],0),"") | AP464: =SUMIF(HEVARIM[קוד תקציב],HEVARIM[[#This Row],[קוד תקציב משפחה מקורי]],HEVARIM[ותק מחברה 40]) -> 0 | AQ464: =IF(AND(HEVARIM[[#This Row],[גיל]]>HEVARIM[[#This Row],[ותק הורים]],OR(HEVARIM[[#This Row],[בר מצוה]]>0,HEVARIM[[#This Row],[בת מצוה]]>0,HEVARIM[[#This Row],[מענק חתונה]]>0,HEVARIM[[#This Row],[מענק לימודים]]>0)),1,0) -> 0 | AR464: =IF(HEVARIM[[#This Row],[קוד מעמד]]="1 ",IFERROR(VLOOKUP(HEVARIM[[#This Row],[קוד תקציב]],'תקציב צביעה - לקראת השינוי'!A:F,6,0),0)/COUNTIFS(HEVARIM[קוד תקציב],HEVARIM[[#This Row],[קוד תקציב]],HEVARIM[קוד מעמד],"1 "),0) -> 0 | AS464: =IF(HEVARIM[[#This Row],[קוד מעמד]]="1 ",IFERROR(VLOOKUP(HEVARIM[[#This Row],[קוד תקציב]],'תקציב צביעה - לקראת השינוי'!A:F,4,0),0),0) -> 0
A465: 17263 | B465: רוזנברג נריה ברוך | C465: רוזנברג | D465: נריה ברוך | E465: ז | F465: 45514 | G465: 1 | H465: 1726 | I465: רוזנברג נעם ורננה | J465: פתוח | K465: תושב לגביה | L465: 241310796 | M465: 17261 | N465: רוזנברג נעם | O465: =IFERROR(VLOOKUP(HEVARIM[[#This Row],[קוד תקציב]],[2]תקציבים!A:L,6,0),0) -> 0 | P465: 17 | Q465: ילד תושב | R465: 45874 | S465: רווק | T465: 1726 | U465: =VLOOKUP(HEVARIM[[#This Row],[גיל]],GIL,2,1) -> פעוט | V465: =IF(HEVARIM[[#This Row],[קוד מעמד]]="4 ",IF(HEVARIM[[#This Row],[גיל]]=1,1,IF(HEVARIM[[#This Row],[גיל]]<=5,5,18)),"") | W465: =IF(G465<67,0, IF(O465=1, IF(G465>=80,1896-231,1795-231), IF(O465=2, IF(G465>=80,2899-332,2697-332), 0)) ) -> 0 | X465: =IF(AND(HEVARIM[[#This Row],[מין]]="ז ",HEVARIM[[#This Row],[גיל]]>67),'[2]ריכוז נתונים'!$AB$2,IF(AND(HEVARIM[[#This Row],[מין]]="נ ",HEVARIM[[#This Row],[גיל]]>62),'[2]ריכוז נתונים'!$AB$2,0)) -> 0 | Y465: =IF(HEVARIM[[#This Row],[מצב משפחתי2]]="אלמן",'[2]ריכוז נתונים'!$AC$2,0) -> 0 | Z465: =VLOOKUP(VALUE(HEVARIM[[#This Row],[קוד מעמד]]),הנחות!$I$2:$K$21,3,0) -> 0 | AA465: =ISERROR(VLOOKUP(HEVARIM[[#This Row],[קוד תקציב]],'[2]ריכוז נתונים'!A:A,1,0)) -> TRUE | AB465: =IF(AND($G465>=AC$2,$G465<=AC$3,$E465="ז ",$Z465=1),AC$4*(($G465-AC$2)/(AC$3-AC$2)),0) -> 0 | AC465: =IF(HEVARIM[[#This Row],[בר מצוה]]>0,YEAR(TODAY())+'תקציבים מיוחדים'!$F$5-HEVARIM[[#This Row],[גיל]],0) -> 0 | AD465: =IF(AND($G465>=AE$2,$G465<=AE$3,$E465="נ ",$Z465=1),AE$4*(($G465-AE$2)/(AE$3-AE$2)),0) -> 0 | AE465: =IF(HEVARIM[[#This Row],[בת מצוה]]>0,YEAR(TODAY())+'תקציבים מיוחדים'!$F$5-HEVARIM[[#This Row],[גיל]],0) -> 0 | AF465: =IF(AND($S465>="רווק",$Z465=1),AF$4*IF(HEVARIM[[#This Row],[גיל]]>$AF$3,1,(($G465-AF$2)/(AF$3-AF$2))),0) -> 0 | AG465: =IF(HEVARIM[[#This Row],[מענק חתונה]]>0,IF(HEVARIM[[#This Row],[גיל]]>'תקציבים מיוחדים'!$F$6,2025,YEAR(TODAY())+'תקציבים מיוחדים'!$F$6-HEVARIM[[#This Row],[גיל]]),0) -> 0 | AH465: =IF(AND($G465>=AI$2,$G465<=AI$3,$Z465=1),AI$4*(($G465-AI$2)/(AI$3-AI$2)),0) -> 0 | AI465: =IF(AH465>0,YEAR(TODAY())+'תקציבים מיוחדים'!$F$7-HEVARIM[[#This Row],[גיל]],0) -> 0 | AJ465: =IF(AND(ISERROR(VLOOKUP(H465,'[2]ריכוז נתונים'!A:L,1,0)),P465="1 "),1,0) -> 0 | AK465: =IF(VALUE(HEVARIM[[#This Row],[קוד מעמד]])=1,VLOOKUP((IF(LEFT(HEVARIM[[#This Row],[קוד חבר]],1)="0",HEVARIM[[#This Row],[קוד חבר]],VALUE(HEVARIM[[#This Row],[קוד חבר]]))),'ותק חברה 40'!AQ:AW,7,0),"") | AL465: =IF(AND(VALUE(HEVARIM[[#This Row],[קוד מעמד]])=1,HEVARIM[[#This Row],[ותק מחברה 40]]<25),HEVARIM[[#This Row],[ותק מחברה 40]]/25*הנחות!$C$4,0) -> 0 | AM465: =IF(HEVARIM[[#This Row],[דמי עזיבה 25 שנות ותק]]>0,YEAR(TODAY())+25-ROUNDDOWN(HEVARIM[[#This Row],[ותק מחברה 40]],0),"") | AN465: =IF(AND(VALUE(HEVARIM[[#This Row],[קוד מעמד]])=1,HEVARIM[[#This Row],[ותק מחברה 40]]>25,HEVARIM[[#This Row],[גיל]]<65),הנחות!$C$14+(HEVARIM[[#This Row],[ותק מחברה 40]]-25)*הנחות!$C$10*0.25,0) -> 0 | AO465: =IF(HEVARIM[[#This Row],[דמי עזיבה לגיל 65]]>0,YEAR(TODAY())+64-ROUNDDOWN(HEVARIM[[#This Row],[גיל]],0),"") | AP465: =SUMIF(HEVARIM[קוד תקציב],HEVARIM[[#This Row],[קוד תקציב משפחה מקורי]],HEVARIM[ותק מחברה 40]) -> 0 | AQ465: =IF(AND(HEVARIM[[#This Row],[גיל]]>HEVARIM[[#This Row],[ותק הורים]],OR(HEVARIM[[#This Row],[בר מצוה]]>0,HEVARIM[[#This Row],[בת מצוה]]>0,HEVARIM[[#This Row],[מענק חתונה]]>0,HEVARIM[[#This Row],[מענק לימודים]]>0)),1,0) -> 0 | AR465: =IF(HEVARIM[[#This Row],[קוד מעמד]]="1 ",IFERROR(VLOOKUP(HEVARIM[[#This Row],[קוד תקציב]],'תקציב צביעה - לקראת השינוי'!A:F,6,0),0)/COUNTIFS(HEVARIM[קוד תקציב],HEVARIM[[#This Row],[קוד תקציב]],HEVARIM[קוד מעמד],"1 "),0) -> 0 | AS465: =IF(HEVARIM[[#This Row],[קוד מעמד]]="1 ",IFERROR(VLOOKUP(HEVARIM[[#This Row],[קוד תקציב]],'תקציב צביעה - לקראת השינוי'!A:F,4,0),0),0) -> 0
A466: 19131 | B466: קרן בני | C466: קרן | D466: בני | E466: ז | F466: 23978 | G466: 60 | H466: 1913 | I466: קרן בני ורחלי | J466: פתוח | K466: חבר | L466: 059667501 | M466: 19131 | N466: קרן בני | O466: =IFERROR(VLOOKUP(HEVARIM[[#This Row],[קוד תקציב]],[2]תקציבים!A:L,6,0),0) -> 2 | P466: 1 | Q466: חבר ^חבר | R466: 36739 | S466: נשוי | T466: 1905 | U466: =VLOOKUP(HEVARIM[[#This Row],[גיל]],GIL,2,1) -> -- | V466: =IF(HEVARIM[[#This Row],[קוד מעמד]]="4 ",IF(HEVARIM[[#This Row],[גיל]]=1,1,IF(HEVARIM[[#This Row],[גיל]]<=5,5,18)),"") | W466: =IF(G466<67,0, IF(O466=1, IF(G466>=80,1896-231,1795-231), IF(O466=2, IF(G466>=80,2899-332,2697-332), 0)) ) -> 0 | X466: =IF(AND(HEVARIM[[#This Row],[מין]]="ז ",HEVARIM[[#This Row],[גיל]]>67),'[2]ריכוז נתונים'!$AB$2,IF(AND(HEVARIM[[#This Row],[מין]]="נ ",HEVARIM[[#This Row],[גיל]]>62),'[2]ריכוז נתונים'!$AB$2,0)) -> 0 | Y466: =IF(HEVARIM[[#This Row],[מצב משפחתי2]]="אלמן",'[2]ריכוז נתונים'!$AC$2,0) -> 0 | Z466: =VLOOKUP(VALUE(HEVARIM[[#This Row],[קוד מעמד]]),הנחות!$I$2:$K$21,3,0) -> 0 | AA466: =ISERROR(VLOOKUP(HEVARIM[[#This Row],[קוד תקציב]],'[2]ריכוז נתונים'!A:A,1,0)) -> FALSE | AB466: =IF(AND($G466>=AC$2,$G466<=AC$3,$E466="ז ",$Z466=1),AC$4*(($G466-AC$2)/(AC$3-AC$2)),0) -> 0 | AC466: =IF(HEVARIM[[#This Row],[בר מצוה]]>0,YEAR(TODAY())+'תקציבים מיוחדים'!$F$5-HEVARIM[[#This Row],[גיל]],0) -> 0 | AD466: =IF(AND($G466>=AE$2,$G466<=AE$3,$E466="נ ",$Z466=1),AE$4*(($G466-AE$2)/(AE$3-AE$2)),0) -> 0 | AE466: =IF(HEVARIM[[#This Row],[בת מצוה]]>0,YEAR(TODAY())+'תקציבים מיוחדים'!$F$5-HEVARIM[[#This Row],[גיל]],0) -> 0 | AF466: =IF(AND($S466>="רווק",$Z466=1),AF$4*IF(HEVARIM[[#This Row],[גיל]]>$AF$3,1,(($G466-AF$2)/(AF$3-AF$2))),0) -> 0 | AG466: =IF(HEVARIM[[#This Row],[מענק חתונה]]>0,IF(HEVARIM[[#This Row],[גיל]]>'תקציבים מיוחדים'!$F$6,2025,YEAR(TODAY())+'תקציבים מיוחדים'!$F$6-HEVARIM[[#This Row],[גיל]]),0) -> 0 | AH466: =IF(AND($G466>=AI$2,$G466<=AI$3,$Z466=1),AI$4*(($G466-AI$2)/(AI$3-AI$2)),0) -> 0 | AI466: =IF(AH466>0,YEAR(TODAY())+'תקציבים מיוחדים'!$F$7-HEVARIM[[#This Row],[גיל]],0) -> 0 | AJ466: =IF(AND(ISERROR(VLOOKUP(H466,'[2]ריכוז נתונים'!A:L,1,0)),P466="1 "),1,0) -> 0 | AK466: =IF(VALUE(HEVARIM[[#This Row],[קוד מעמד]])=1,VLOOKUP((IF(LEFT(HEVARIM[[#This Row],[קוד חבר]],1)="0",HEVARIM[[#This Row],[קוד חבר]],VALUE(HEVARIM[[#This Row],[קוד חבר]]))),'ותק חברה 40'!AQ:AW,7,0),"") -> 40.95 | AL466: =IF(AND(VALUE(HEVARIM[[#This Row],[קוד מעמד]])=1,HEVARIM[[#This Row],[ותק מחברה 40]]<25),HEVARIM[[#This Row],[ותק מחברה 40]]/25*הנחות!$C$4,0) -> 0 | AM466: =IF(HEVARIM[[#This Row],[דמי עזיבה 25 שנות ותק]]>0,YEAR(TODAY())+25-ROUNDDOWN(HEVARIM[[#This Row],[ותק מחברה 40]],0),"") | AN466: =IF(AND(VALUE(HEVARIM[[#This Row],[קוד מעמד]])=1,HEVARIM[[#This Row],[ותק מחברה 40]]>25,HEVARIM[[#This Row],[גיל]]<65),הנחות!$C$14+(HEVARIM[[#This Row],[ותק מחברה 40]]-25)*הנחות!$C$10*0.25,0) -> 69573.085 | AO466: =IF(HEVARIM[[#This Row],[דמי עזיבה לגיל 65]]>0,YEAR(TODAY())+64-ROUNDDOWN(HEVARIM[[#This Row],[גיל]],0),"") -> 2030 | AP466: =SUMIF(HEVARIM[קוד תקציב],HEVARIM[[#This Row],[קוד תקציב משפחה מקורי]],HEVARIM[ותק מחברה 40]) -> 0 | AQ466: =IF(AND(HEVARIM[[#This Row],[גיל]]>HEVARIM[[#This Row],[ותק הורים]],OR(HEVARIM[[#This Row],[בר מצוה]]>0,HEVARIM[[#This Row],[בת מצוה]]>0,HEVARIM[[#This Row],[מענק חתונה]]>0,HEVARIM[[#This Row],[מענק לימודים]]>0)),1,0) -> 0 | AR466: =IF(HEVARIM[[#This Row],[קוד מעמד]]="1 ",IFERROR(VLOOKUP(HEVARIM[[#This Row],[קוד תקציב]],'תקציב צביעה - לקראת השינוי'!A:F,6,0),0)/COUNTIFS(HEVARIM[קוד תקציב],HEVARIM[[#This Row],[קוד תקציב]],HEVARIM[קוד מעמד],"1 "),0) -> 468.75 | AS466: =IF(HEVARIM[[#This Row],[קוד מעמד]]="1 ",IFERROR(VLOOKUP(HEVARIM[[#This Row],[קוד תקציב]],'תקציב צביעה - לקראת השינוי'!A:F,4,0),0),0) -> 2034
A467: 05072 | B467: הופמן שולי | C467: הופמן | D467: שולי | E467: נ | F467: 20555 | G467: 69 | H467: 0507 | I467: הופמן אבי ושולי | J467: פתוח | K467: חבר | L467: 054078944 | M467: 05071 | N467: הופמן אבי | O467: =IFERROR(VLOOKUP(HEVARIM[[#This Row],[קוד תקציב]],[2]תקציבים!A:L,6,0),0) -> 2 | P467: 1 | Q467: חבר ^חבר | R467: 29586 | S467: נשוי | T467: 1905 | U467: =VLOOKUP(HEVARIM[[#This Row],[גיל]],GIL,2,1) -> -- | V467: =IF(HEVARIM[[#This Row],[קוד מעמד]]="4 ",IF(HEVARIM[[#This Row],[גיל]]=1,1,IF(HEVARIM[[#This Row],[גיל]]<=5,5,18)),"") | W467: =IF(G467<67,0, IF(O467=1, IF(G467>=80,1896-231,1795-231), IF(O467=2, IF(G467>=80,2899-332,2697-332), 0)) ) -> 2365 | X467: =IF(AND(HEVARIM[[#This Row],[מין]]="ז ",HEVARIM[[#This Row],[גיל]]>67),'[2]ריכוז נתונים'!$AB$2,IF(AND(HEVARIM[[#This Row],[מין]]="נ ",HEVARIM[[#This Row],[גיל]]>62),'[2]ריכוז נתונים'!$AB$2,0)) -> 7500 | Y467: =IF(HEVARIM[[#This Row],[מצב משפחתי2]]="אלמן",'[2]ריכוז נתונים'!$AC$2,0) -> 0 | Z467: =VLOOKUP(VALUE(HEVARIM[[#This Row],[קוד מעמד]]),הנחות!$I$2:$K$21,3,0) -> 0 | AA467: =ISERROR(VLOOKUP(HEVARIM[[#This Row],[קוד תקציב]],'[2]ריכוז נתונים'!A:A,1,0)) -> FALSE | AB467: =IF(AND($G467>=AC$2,$G467<=AC$3,$E467="ז ",$Z467=1),AC$4*(($G467-AC$2)/(AC$3-AC$2)),0) -> 0 | AC467: =IF(HEVARIM[[#This Row],[בר מצוה]]>0,YEAR(TODAY())+'תקציבים מיוחדים'!$F$5-HEVARIM[[#This Row],[גיל]],0) -> 0 | AD467: =IF(AND($G467>=AE$2,$G467<=AE$3,$E467="נ ",$Z467=1),AE$4*(($G467-AE$2)/(AE$3-AE$2)),0) -> 0 | AE467: =IF(HEVARIM[[#This Row],[בת מצוה]]>0,YEAR(TODAY())+'תקציבים מיוחדים'!$F$5-HEVARIM[[#This Row],[גיל]],0) -> 0 | AF467: =IF(AND($S467>="רווק",$Z467=1),AF$4*IF(HEVARIM[[#This Row],[גיל]]>$AF$3,1,(($G467-AF$2)/(AF$3-AF$2))),0) -> 0 | AG467: =IF(HEVARIM[[#This Row],[מענק חתונה]]>0,IF(HEVARIM[[#This Row],[גיל]]>'תקציבים מיוחדים'!$F$6,2025,YEAR(TODAY())+'תקציבים מיוחדים'!$F$6-HEVARIM[[#This Row],[גיל]]),0) -> 0 | AH467: =IF(AND($G467>=AI$2,$G467<=AI$3,$Z467=1),AI$4*(($G467-AI$2)/(AI$3-AI$2)),0) -> 0 | AI467: =IF(AH467>0,YEAR(TODAY())+'תקציבים מיוחדים'!$F$7-HEVARIM[[#This Row],[גיל]],0) -> 0 | AJ467: =IF(AND(ISERROR(VLOOKUP(H467,'[2]ריכוז נתונים'!A:L,1,0)),P467="1 "),1,0) -> 0 | AK467: =IF(VALUE(HEVARIM[[#This Row],[קוד מעמד]])=1,VLOOKUP((IF(LEFT(HEVARIM[[#This Row],[קוד חבר]],1)="0",HEVARIM[[#This Row],[קוד חבר]],VALUE(HEVARIM[[#This Row],[קוד חבר]]))),'ותק חברה 40'!AQ:AW,7,0),"") -> 42.33 | AL467: =IF(AND(VALUE(HEVARIM[[#This Row],[קוד מעמד]])=1,HEVARIM[[#This Row],[ותק מחברה 40]]<25),HEVARIM[[#This Row],[ותק מחברה 40]]/25*הנחות!$C$4,0) -> 0 | AM467: =IF(HEVARIM[[#This Row],[דמי עזיבה 25 שנות ותק]]>0,YEAR(TODAY())+25-ROUNDDOWN(HEVARIM[[#This Row],[ותק מחברה 40]],0),"") | AN467: =IF(AND(VALUE(HEVARIM[[#This Row],[קוד מעמד]])=1,HEVARIM[[#This Row],[ותק מחברה 40]]>25,HEVARIM[[#This Row],[גיל]]<65),הנחות!$C$14+(HEVARIM[[#This Row],[ותק מחברה 40]]-25)*הנחות!$C$10*0.25,0) -> 0 | AO467: =IF(HEVARIM[[#This Row],[דמי עזיבה לגיל 65]]>0,YEAR(TODAY())+64-ROUNDDOWN(HEVARIM[[#This Row],[גיל]],0),"") | AP467: =SUMIF(HEVARIM[קוד תקציב],HEVARIM[[#This Row],[קוד תקציב משפחה מקורי]],HEVARIM[ותק מחברה 40]) -> 0 | AQ467: =IF(AND(HEVARIM[[#This Row],[גיל]]>HEVARIM[[#This Row],[ותק הורים]],OR(HEVARIM[[#This Row],[בר מצוה]]>0,HEVARIM[[#This Row],[בת מצוה]]>0,HEVARIM[[#This Row],[מענק חתונה]]>0,HEVARIM[[#This Row],[מענק לימודים]]>0)),1,0) -> 0 | AR467: =IF(HEVARIM[[#This Row],[קוד מעמד]]="1 ",IFERROR(VLOOKUP(HEVARIM[[#This Row],[קוד תקציב]],'תקציב צביעה - לקראת השינוי'!A:F,6,0),0)/COUNTIFS(HEVARIM[קוד תקציב],HEVARIM[[#This Row],[קוד תקציב]],HEVARIM[קוד מעמד],"1 "),0) -> 937.5 | AS467: =IF(HEVARIM[[#This Row],[קוד מעמד]]="1 ",IFERROR(VLOOKUP(HEVARIM[[#This Row],[קוד תקציב]],'תקציב צביעה - לקראת השינוי'!A:F,4,0),0),0) -> 2033
A468: 19061 | B468: קלוש אריה | C468: קלוש | D468: אריה | E468: ז | F468: 16643 | G468: 80 | H468: 1906 | I468: קלוש אריה ושלומית | J468: פתוח | K468: חבר | L468: 009882804 | M468: 19061 | N468: קלוש אריה | O468: =IFERROR(VLOOKUP(HEVARIM[[#This Row],[קוד תקציב]],[2]תקציבים!A:L,6,0),0) -> 2 | P468: 1 | Q468: חבר ^חבר | R468: 26664 | S468: נשוי | T468: 1906 | U468: =VLOOKUP(HEVARIM[[#This Row],[גיל]],GIL,2,1) -> -- | V468: =IF(HEVARIM[[#This Row],[קוד מעמד]]="4 ",IF(HEVARIM[[#This Row],[גיל]]=1,1,IF(HEVARIM[[#This Row],[גיל]]<=5,5,18)),"") | W468: =IF(G468<67,0, IF(O468=1, IF(G468>=80,1896-231,1795-231), IF(O468=2, IF(G468>=80,2899-332,2697-332), 0)) ) -> 2567 | X468: =IF(AND(HEVARIM[[#This Row],[מין]]="ז ",HEVARIM[[#This Row],[גיל]]>67),'[2]ריכוז נתונים'!$AB$2,IF(AND(HEVARIM[[#This Row],[מין]]="נ ",HEVARIM[[#This Row],[גיל]]>62),'[2]ריכוז נתונים'!$AB$2,0)) -> 7500 | Y468: =IF(HEVARIM[[#This Row],[מצב משפחתי2]]="אלמן",'[2]ריכוז נתונים'!$AC$2,0) -> 0 | Z468: =VLOOKUP(VALUE(HEVARIM[[#This Row],[קוד מעמד]]),הנחות!$I$2:$K$21,3,0) -> 0 | AA468: =ISERROR(VLOOKUP(HEVARIM[[#This Row],[קוד תקציב]],'[2]ריכוז נתונים'!A:A,1,0)) -> FALSE | AB468: =IF(AND($G468>=AC$2,$G468<=AC$3,$E468="ז ",$Z468=1),AC$4*(($G468-AC$2)/(AC$3-AC$2)),0) -> 0 | AC468: =IF(HEVARIM[[#This Row],[בר מצוה]]>0,YEAR(TODAY())+'תקציבים מיוחדים'!$F$5-HEVARIM[[#This Row],[גיל]],0) -> 0 | AD468: =IF(AND($G468>=AE$2,$G468<=AE$3,$E468="נ ",$Z468=1),AE$4*(($G468-AE$2)/(AE$3-AE$2)),0) -> 0 | AE468: =IF(HEVARIM[[#This Row],[בת מצוה]]>0,YEAR(TODAY())+'תקציבים מיוחדים'!$F$5-HEVARIM[[#This Row],[גיל]],0) -> 0 | AF468: =IF(AND($S468>="רווק",$Z468=1),AF$4*IF(HEVARIM[[#This Row],[גיל]]>$AF$3,1,(($G468-AF$2)/(AF$3-AF$2))),0) -> 0 | AG468: =IF(HEVARIM[[#This Row],[מענק חתונה]]>0,IF(HEVARIM[[#This Row],[גיל]]>'תקציבים מיוחדים'!$F$6,2025,YEAR(TODAY())+'תקציבים מיוחדים'!$F$6-HEVARIM[[#This Row],[גיל]]),0) -> 0 | AH468: =IF(AND($G468>=AI$2,$G468<=AI$3,$Z468=1),AI$4*(($G468-AI$2)/(AI$3-AI$2)),0) -> 0 | AI468: =IF(AH468>0,YEAR(TODAY())+'תקציבים מיוחדים'!$F$7-HEVARIM[[#This Row],[גיל]],0) -> 0 | AJ468: =IF(AND(ISERROR(VLOOKUP(H468,'[2]ריכוז נתונים'!A:L,1,0)),P468="1 "),1,0) -> 0 | AK468: =IF(VALUE(HEVARIM[[#This Row],[קוד מעמד]])=1,VLOOKUP((IF(LEFT(HEVARIM[[#This Row],[קוד חבר]],1)="0",HEVARIM[[#This Row],[קוד חבר]],VALUE(HEVARIM[[#This Row],[קוד חבר]]))),'ותק חברה 40'!AQ:AW,7,0),"") -> 42.19 | AL468: =IF(AND(VALUE(HEVARIM[[#This Row],[קוד מעמד]])=1,HEVARIM[[#This Row],[ותק מחברה 40]]<25),HEVARIM[[#This Row],[ותק מחברה 40]]/25*הנחות!$C$4,0) -> 0 | AM468: =IF(HEVARIM[[#This Row],[דמי עזיבה 25 שנות ותק]]>0,YEAR(TODAY())+25-ROUNDDOWN(HEVARIM[[#This Row],[ותק מחברה 40]],0),"") | AN468: =IF(AND(VALUE(HEVARIM[[#This Row],[קוד מעמד]])=1,HEVARIM[[#This Row],[ותק מחברה 40]]>25,HEVARIM[[#This Row],[גיל]]<65),הנחות!$C$14+(HEVARIM[[#This Row],[ותק מחברה 40]]-25)*הנחות!$C$10*0.25,0) -> 0 | AO468: =IF(HEVARIM[[#This Row],[דמי עזיבה לגיל 65]]>0,YEAR(TODAY())+64-ROUNDDOWN(HEVARIM[[#This Row],[גיל]],0),"") | AP468: =SUMIF(HEVARIM[קוד תקציב],HEVARIM[[#This Row],[קוד תקציב משפחה מקורי]],HEVARIM[ותק מחברה 40]) -> 77.38 | AQ468: =IF(AND(HEVARIM[[#This Row],[גיל]]>HEVARIM[[#This Row],[ותק הורים]],OR(HEVARIM[[#This Row],[בר מצוה]]>0,HEVARIM[[#This Row],[בת מצוה]]>0,HEVARIM[[#This Row],[מענק חתונה]]>0,HEVARIM[[#This Row],[מענק לימודים]]>0)),1,0) -> 0 | AR468: =IF(HEVARIM[[#This Row],[קוד מעמד]]="1 ",IFERROR(VLOOKUP(HEVARIM[[#This Row],[קוד תקציב]],'תקציב צביעה - לקראת השינוי'!A:F,6,0),0)/COUNTIFS(HEVARIM[קוד תקציב],HEVARIM[[#This Row],[קוד תקציב]],HEVARIM[קוד מעמד],"1 "),0) -> 2343.75 | AS468: =IF(HEVARIM[[#This Row],[קוד מעמד]]="1 ",IFERROR(VLOOKUP(HEVARIM[[#This Row],[קוד תקציב]],'תקציב צביעה - לקראת השינוי'!A:F,4,0),0),0) -> 2030
